EST,MONTH,STA,YEAR,Abra aequalis,Acteocina canaliculata,Aligena texasiana,Alitta succinea,Amaeana trilobata,Americamysis almyra,Ampelisca abdita,Ampelisca verrilli,Ancistrosyllis jonesi,Anthozoa (unidentified),Apoorophium louisianum,Apseudes sp. A,Aricidea (Acmira) catharinae,Aricidea bryani,Armandia maculata,Axiothella sp. A,Bivalvia (unidentified),Brachidontes exustus,Caecum johnsoni,Callianassa sp.,Callinectes sapidus,Capitella capitata,Capitellidae (unidentified),Caprellidae (unidentified),Ceratonereis irritabilis,Ceratopogonidae (larvae),Cerebratulus lacteus,Chironomidae (larvae),Chone sp.,Clymenella mucosa,Clymenella torquata,Corbula contracta,Cossura delta,Cyclaspis varians,Cyclopoida (commensal),Damselfly nymphs,Diopatra cuprea,Diplodonta punctata,Dipolydora caulleryi,Dipolydora socialis,Diptera (unidentified),Drilonereis magna,Echiuridae (unidentified),Ensis minor,Euclymene sp. B,Eudorella sp.,Eulimastoma sp.,Eumida sanguinea,Eusarsiella texana,Eusarsiella zostericola,Exogone sp.,Farfantepenaeus setiferus,Glycera americana,Glycinde solitaria,Grandidierella bonnieroides,Gyptis brevipalpa,Haploscoloplos fragilis,Haploscoloplos sp.,Hauchiella sp.,Hermundura ocularis,Heteromastus filiformis,Ilyocryptus spinifer,Laeonereis culveri,Lepton sp.,Leucon sp.,Listriella barnardi,Listriella clymenellae,Lumbrineris parvapedata,Lyonsia hyalina floridana,Macoma mitchelli,Magelona phyllisae,Magelona rosea,Maldanidae (unidentified),Malmgreniella taylori,Mediomastus ambiseta,Mediomastus californiensis,Megalomma bioculatum,Megalopa larvae,Melinna maculata,Mercenaria campechiensis,Microphiopholis atra,Microphthalmus aberrans,Microprotopus sp.,Minuspio cirrifera,Molgula manhattensis,Monoculodes sp.,Mulinia lateralis,Munnidae (unidentified),Mysella planulata,Mysidopsis sp.,Naineris laevigata,Nassarius acutus,Nassarius vibex,Nemertea (unidentified),Nereididae (unidentified),Neritina virginea,No species observed,Notomastus latericeus,Nuculana acuta,Nuculana concentrica,Nudibranchia (unidentified),Ogyrides alphaerostris,Oligochaeta (unidentified),Ostracoda (unidentified),Oxyurostylis sp.,Paleanotus heteroseta,Pandora trilineata,Paradoneis lyra,Paranaitis speciosa,Paraprionospio pinnata,Periploma cf. orbiculare,Periploma margaritaceum,Phascolion strombus,Phoronis architecta,Phyllodocidae (unidentified),Pilargis berkeleyae,Pinnixa sp.,Pista palmata,Polydora cornuta,Polydora sp.,Potamanthidae (unidentified),Rangia flexuosa,Rictaxis punctostriatus,Sabaco elongatus,Sabellidae (unidentified),Samythella eliasoni,Sarsiella disparalis,Schistomeringos rudolphi,Schistomeringos sp. A,Schizocardium sp.,Sigambra bassi,Sigambra tentaculata,Sphaerosyllis cf. sublaevis,Sphaerosyllis sp. A,Spiochaetopterus costarum,Spiophanes bombyx,Streblospio benedicti,Tagelus plebeius,Tellina sp.,Terebellidae (unidentified),Texadina sphinctostoma,Tharyx setigera,Trachypenaeus constrictus,Turbellaria (unidentified),Turbonilla sp.,Vitrinellidae (unidentified)
BR,JAN,A,2002,,,,,,,,,,,,,,,,,,,,,,,,,,,,1,,,,,,,,,,,,,,,,,,,,,,,,,,,,,,,,,,,,,,,,,,,,,,,,,,,,,,,,,,,,,,,,,,1,,,0,,,,,,,,,,,,,,,,,,,,,,,,,,,,,,,,,,,,,,,,,,,,,,,,,
BR,JAN,A,2003,,,,,,,,,,,,,,,,,,,,,,,,,,,,,,,,,,,,,,,,,,,,,,,,,,,,,,,,,,,,1,,,,,,,,,,,,,,,8,,,,,,,,,,,,,,,,,,,1,,,,,,,,,,,,,,,,,,,,,,,,,,,,,,,,,,,,,,,,,,,1,,,,,,,,,
BR,JAN,A,2002,,,,,,,,,,,,,,,,,,,,,,,,,,,,,,,,,,,,1,,,,,,,,,,,,,,,,,,,,,,,,,,,,,,,,,,,,,,,3,,,,,,,,,,,,,,,,,,,,,,,,,,,,,,,,,,,,,,,,,,,,,,,,,,,,,,,,,,,,,,2,,,,,,,,,
BR,JAN,A,2003,,,,,,,,,,,,,,,,,,,,,,,,,,,,,,,,,,,,,,,,,,,,,,,,,,,,,,,,,,,,,,,,,,,,,,,,,,,10,,,,,,,,,,,,,,,,,,,,,,,,,,,,,,,,,,,,,,,,,,,,,,,,,,,,,,,,,,,,,,2,,,,,,,,,
BR,JAN,A,2002,,,,,,,,,,,,,,,,,,,,,,,,,,,,,,,,,,,,,,,,,,,,,,,,,,,,,,,,,,,,,,,,,,,,,,,,,,,6,,,,,,,,,,,,,,,,,,,2,,,,,,,,,,,,,,,,,,,,,,,,,,,,,,,,,,,,,,,,,,,,,,,,,,,,
BR,JAN,A,2003,,,,,,,,,,,,,,,,,,,,,,,,,,,,,,,,,,,,,,,,,,,,,,,,,,,,,,,,,,,,,,,,,,,,,,,,,,,4,,,,,,,,,,,,,,,,,,,2,,,,,,,,,,,,,,,,,,,,,,,,,,,,,,,,,,,,,,,,,,,,,,,,,,,,
BR,JAN,B,2002,,,,,,,,,,,,,,,,,,,,,,,,,,,,,,,,,,,,,,,,,,,,,,,,,,,,,,,,,,,,,,,,,,,,,,,,,,,2,,,,,,,,,,,,,,,,,,,1,,,,,,,,,,,,,,,,,,,,,,,,,,,,,,,,,,,,,,,,,,,,,,,,,,,,
BR,JAN,B,2003,,,,,,,,,,,,,,,,,,,,,,,,,,,,,,,,,,,,,,,,,,,,,,,,,,,,,,,,,,,,,,,,,,,,,,,,,,,10,,,,,,,,,,,,,,,,,,,,,,,,,,,,1,,,,,,,,,,,,,,,,,,,,,,,,,,,,,,,,,,,,,,,,,,,
BR,JAN,B,2002,,,,,,,,,,,,,,,,,,,,,,,,,,,,,,,,,,,,,,,,,,,,,,,,,,,,,,,,,,,,,,,,,,,,,,,,,,,1,,,,,,,,,,,,,,,,,,,1,,,,,,,,,,,,,,,,,,,,,,,,,,,,,,,,,,,,,,,,,,,3,,,,,,,,,
BR,JAN,B,2003,,,,,,,,,,,,,,,,,,,,,,,,,,,,,,,,,,,,,,,,,,,,,,,,,,,,,,,,,,,,1,,,,,,,,,,,,,,,9,,,,,,,,,,,,,,,,,,,1,,,,,,,,,,,,,,,,,,,,,,,,,,,,,,,,,,,,,,,,,,,,,,,,,,,,
BR,JAN,B,2002,,,,,,,,,,,,,,,,,,,,,,,,,,,,,,,,,,,,,,,,,,,,,,,,,,,,,,,,,,,,,,,,,,,,,,,,,,,12,,,,,,,,,,,,,,,,,,,2,,,,,,,,,2,,,,,,,,,,,,,,,,,,,,,,,,,,,,,,,,,,,,,,,,,,,
BR,JAN,B,2003,,,,,,,,,,,,,,,,,,,,,,,,,,,,,,,,,,,,,,,,,,,,,,,,,,,,,,,,,,,,,,,,,,,,,,,,,,,5,,,,,,,,,,,,,,,,,,,,,,,,,,,,2,,,,,,,,,,,,,,,,,,,,,,,,,,,,,,,,,,,,,,,,,,,
BR,JAN,C,2002,,,,,,,,,,,,,,,,,,,,,,,,,,,,,,,,,,,,,,,,,,,,,,,,,,,,,,,,,,,,,,,,,,,,,,,,,,,27,,,,,,,,,,,,,,,,,,,,,,,,,,,,,,,,,,,,,,,,,,,,,,,,,,,,,,,,,,,,,,44,,,,,,,,,
BR,JAN,C,2003,,,,,,,,,,,,,,,,,,,,,,,,,,,,,,,,,,,,,,,,,,,,,,,,,,,,,,,,,,,,1,,,,,,,,,,,,,,,13,,,,,,,,,,,,,,,,,,,,,,,,,,,,1,,,,,,,,,,,,,,,,,,,,,,,,,,,,,,,,,,,,,,,,,,,
BR,JAN,C,2002,,,,,,,,,,,,,,,,,,,,,,,,,,,,,,,,,,,,,,,,,,,,,,,,,,,,,,,,,,,,,,,,,,,,,,,,,,,16,,,,,,,,,,,,,,,,,,,,,,,,,,,,,,,,,,,,,,,,,,,,,,,,,,,,,,,,,,,,,,1,,,,,,,,,
BR,JAN,C,2003,,,,,,,,,,,,,,,,,,,,,,,,,,,,,,,,,,,,,,,,,,,,,,,,,,,,,,,,,,,,1,,,,,,,,,,,,,,,13,,,,,,,,,,,,,,,,,,,3,,,,,,,,,1,,,,,,,,,,,,,,,,,,,,,,,,,,,,,,,,,,2,,,,,,,,,
BR,JAN,C,2002,,,,,,,,,,,,,,,,,,,,,,,,,,,,,,,,,,,,,,,,,,,,,,,,,,,,,,,,,,,,,,,,,,,,,,,,,,,2,,,,,,,,,,,,,,,,,,,,,,0,,,,,,,,,,,,,,,,,,,,,,,,,,,,,,,,,,,,,,,,,,,,,,,,,
BR,JAN,C,2003,,,,,,,,,,,,,,,,,,,,,,,,,,,,,,,,,,,,,,,,,,,,,,,,,,,,,,,,,,,,2,,,,,,,,,,,,,,,7,,,,,,,,,,,,,,,,,,,3,,,,,,,,,,,,,,,,,,,,,,,,,,,,,,,,,,,,,,,,,,,1,,,,,,,,,
BR,APR,A,2002,,,,,,,,,,,,,,,,,,,,,,,,,,,,,,,,,,,,,,,,,,,,,,,,,,,,,,,,,,,,,,,,,,,,,,,,,,,3,,,,,,,,,,,,,,,,,,,,,,,,,,,,,,,,,,,,,,,,,,,,,,,,,,,,,,,,,,,,,,11,,,,,,,,,
BR,APR,A,2003,,,,,,,,,,,,,,,,,,,,,,,,,,,,,,,,,,,,,,,,,,,,,,,,,,,,,,,,,,,,,,,,,,,,,,,,,,,8,,,,,,,,,,,,,,,,,,,1,,,,,,,,,5,,,,,,,,,,,,,,,,,,,,,,,,,,,,,,,,,,,,,,,,,,,
BR,APR,A,2002,,,,,,,,,,,,,,,,,,,,,,,,,,,,,,,,,,,,,,,,,,,,,,,,,,,,,,,,,,,,,,,,,,,,,,,,,,,6,,,,,,,,,,,,,,,,,,,,,,,,,,,,,,,,,,,,,,,,,,,,,,,,,,,,,,,1,,,,,,,13,,,,,,,,,
BR,APR,A,2003,,,,,,,,,,,,,,,,,,,,,,,,,,,,,,,,,,,,,,,,,,,,,,,,,,,,,,,,,,,,1,,,,,,,,,,,,,,,1,,,,,,,,,,,,,,,,,,,1,,,,,,,,,1,,,,,,,,,,,,,,,,,,,,,,,,,,,,,,,,,,1,,,,,,,,,
BR,APR,A,2002,,,,,,,,,,,,,,,,,,,,,,2,,,,,,2,,,,,,,,,,,,,,,,,,,,,,,,,,,,,,,,,,,,,,,,,,,,,,,2,,,,,,,,,,,,,,,,,,,,,,,,,,,,,,,,,,,,,,,,,,,,,,,,,,,,,,,,,,,,,,11,,,,,,,,,
BR,APR,A,2003,,,,,,,,,,,,,,,,,,,,,,,,,,,,,,,,,,,,,,,,,,,,,,,,,,,,,,,,,,,,,,,,,,,,,,,,,,,1,,,,,,,,,,,,,,,,,,,,,,0,,,,,,3,,,,,,,,,,,,,,,,,,,,,,,,,,,,,,,,,,,,,,,,,,,
BR,APR,B,2002,,,,1,,,,,,,,,,,,,,,,,,1,,,,,,,,,,,,,,,,,,3,,,,,,,,,,,,,,,,,,,,,,,,,,,,,,,,,,,4,,,,,,,,,,,,,,,,,,,2,,,,,,,,,,,,,,,,,,,,,,,,,,,,,,,,,,,,,,,,,,,3,,,,,,,,,
BR,APR,B,2003,,,,,,,,,,,,,,,,,,,,,,,,,,,,,,,,,,,,,,,,,,,,,,,,,,,,,,,,,,,,,,,,,,,,,,,,,,,3,,,,,,,,,,,,,,,,,,,,,,,,,,,,,,,,,,,,,,,,,,,,2,,,,,,,,,,,,,,,,,,1,,,,,,,,,
BR,APR,B,2002,,,,,,,,,,,,,,,,,,,,1,,,,,,,,1,,,,,,,,,,,,35,,,,,,,,,,,,,,,1,,,,,,,,,,,,,,,,,,,,4,,,,,,,,,,,,,,,,,,,,,,,,,,,,,,,,,,,,,,,,,,,,,,,,,,,,,,,,,,,,,,10,,,,,,,,,
BR,APR,B,2003,,,,,,,,,,,,,,,,,,,,,,,,,,,,,,,,,,,,,,,,,,,,,,,,,,,,,,,,,,,,,,,,,,,,,,,,,,,1,,,,,,,,,,,,,,,,,,,,,,0,,,,,,,,,,,,,,,,,,,,,,,,,,,,,,,,,,,,,,,,1,,,,,,,,,
BR,APR,B,2002,,,,12,,,,,,1,1,,,,,,,,,,,,,,,,,,,,,,,,,,,,,76,,,,,,,,,,,,,,,,,,,,,,,,,,,,,,,,,,,2,,,,,,,,,,,,,,,,,,,,,,,,,,,,,,,,,,,,,,,,,,,,,,,,,,,,,,,,,,,,,,20,,,,,,,,,
BR,APR,B,2003,,,,,,,,,,,,,,,,,,,,,,,,,,,,,,,,,,,,,,,,,,,,,,,,,,,,,,,,,,,,,,,,,,,,,,,,,,,1,,,,,,,,,,,,,,,,,,,1,,,0,,,,,,,,,,,,,,,,,,,,,,,,,,,,,,,,,,,,,,,,1,,,,,,,,,
BR,APR,C,2002,,,,,,,,,,,,,,,,,,,,,,,,,,,,,,,,,,,,,,,,,,,,,,,,,,,,,,,,,,,,,,,,,,,,,,,,,,,11,,,,,,,,,,,,,,,,,,,,,,,,,,,,2,,,,,,,,,,,,,,,,,,,,,,,,,,,,,,,,,,23,,,,,,,,,
BR,APR,C,2003,,,,,,,,,,,,,,,,,,,,,,,,,,,,,,,,,,,,,,,,,,,,,,,,,,,,,,,,,,,,,,,,,,,,,,,,,,,3,,,,,,,,,,,,,,,,,,,,,,0,,,,,,2,,,,,,,,,,,,,,,,,,,,,,,,,,,,,,,,,,,,,,,,,,,
BR,APR,C,2002,,,,,,,,,,,,,,,,,,,,,,2,,,,,,1,,,,,,,,,,,,,,,,,,,,,,,,,,,,,,,,1,,,,,,,,,,,,,,,13,,,,,,,,,,,,,,,,,,,1,,,,,,,,,1,,,,,,,,,,,,,,,,,,,,,,,,,,,,,,,,,,16,,,,,,,,,
BR,APR,C,2003,,,,,,,,,,,,,,,,,,,,,,,,,,,,,,,,,,,,,,,,,,,,,,,,,,,,,,,,,,,,,,,,,,,,,,,,,,,13,,,,,,,,,,,,,,,,,,,1,,,0,,,,,,1,,,,,,,,,,,,,,,,,,,,,,,,,,,,,,,,,,3,,,,,,,,,
BR,APR,C,2002,,,,,,,,,,,,,,,,,,,,,,1,,,,,,,,,,,,,,,,,,,,,,,,,,,,,,,,,,,,,,,,,,,,,,,,,,,,,11,,,,,,,,,,,,,,,,,,,,,,,,,,,,,,,,,,,,,,,,,,,,,,,,,,,,,,,,,,,,,,14,,,,,,,,,
BR,APR,C,2003,,,,,,,,,,,,,,,,,,,,,,1,,,,,,,,,,,,,,,,,,,,,,,,,,,,,,,,,,,,,,,,,,,,,,,,,,,,,3,,,,,,,,,,,,,,,,,,,,,,0,,,,,,2,,,,,,,,,,,,,,,,,,,,,,,,,,,,,,,,,,,,,,,,,,,
BR,JUL,A,2002,,,,,,,,,,,,,,,,,,,,,,,,,,,,,,,,,,,,,,,,,,,,,,,,,,,,,,,,,,,,,,,,,,,,,,,,,,,6,,,,,,,,,,,,,,,,,,,,,,,,,,,,,,,,,,,,,,,,,,,,,,,,,,,,,,,,,,,,,,,,,,,,,,,
BR,JUL,A,2003,,,,,,,,,,,,,,,,,,,,,,,,,,,,,,,,,,,,,,,,,,,,,,,,,,,,,,,,,,,,,,,,,,,,,,,,,,,3,,,,,,,,,,,,,,,,,,,,,,,,,,,,,,,,,,,,,,,,,,,,,,,,,,,,,,,,,,,,,,38,,,,,,,,,
BR,JUL,A,2002,,,,,,,,,,,,,,,,,,,,,,,,,,,,,,,,,,,,,,,,,,,,,,,,,,,,,,,,,,,,,,,,,,,,,,,,,,,1,,,,,,,,,,,,,,,,,,,1,,,,,,,,,,,,,,,,,,,,,,,,,,,,,,,,,,,,,,,,,,,2,,,,,,,,,
BR,JUL,A,2003,,,,,,,,,,,,,,,,,,,,,,,,,,,,,,,,,,,,,,,,,,,,,,,,,,,,,,,,,,,,,,,,,,,,,,,,,,,3,,,,,,,,,,,,,,,,,,,,,,,,,,,,,,,,,,,,,,,,,,,,,,,,,,,,,,,,,,,,,,19,,,,,,,,,
BR,JUL,A,2002,,,,,,,,,,,,,,,,,,,,,,,,,,,,,,,,,,,,,,,,,,,,,,,,,,,,,,,,,,,,,,,,,,,,,,,,,,,1,,,,,,,,,,,,,,,,,,,,,,,,,,,,,,,,,,,,,,,,,,,,,,,,,,,,,,,,,,,,,,5,,,,,,,,,
BR,JUL,A,2003,,,,,,,,,,,,,,,,,,,,,,,,,,,,,,,,,,,,,,,,,,,,,,,,,,,,,,,,,,,,,,,,,,,,,,,,,,,4,,,,,,,,,,,,,,,,,,,,,,,,,,,,2,,,,,,,,,,,,,,,,,,,,,,,,,,,,,,,,,,25,,,,,,,,,
BR,JUL,B,2002,,,,,,,,,,,,,,,,,,,,,,,,,,,,,,,,,,,,,,,,,,,,,,,,,,,,,,,,,,,,1,,,,,,,,,,,,,,,12,,,,,,,,,,,,,,,,,,,2,,,,,,,,,,,,,,,,,,,,,,,,,,,,,,,,,,,,,,,,,,,7,,,,,,,,,
BR,JUL,B,2003,,,,,,,,,,,,,,,,,,,,,,,,,,,,,,,,,,,,,,,,,,,,,,,,,,,,,,,,,,,,,,,,,,,,,,,,,,,3,,,,,,,,,,,,,,,,,,,,,,,,,,,,,,,,,,,,,,,,,,,,,,,,,,,,,,,,,,,,,,33,,,,,,,,,
BR,JUL,B,2002,,,,,,,,,,,,,,,,,,,,,,,,,,,,,,,,,,,,,,,,,,,,,,,,,,,,,,,,,,,,,,,,,,,,,,,,,,,5,,,,,,,,,,,,,,,,,,,1,,,,,,,,,,,,,,,,,,,,,,,,,,,,,,,,,,,,,,,,,,,7,,,,,,,,,
BR,JUL,B,2003,,,,,,,,,,,,,,,,,,,,,,,,,,,,,,,,,,,,,,,,,,,,,,,,,,,,,,,,,,,,,,,,,,,,,,,,,,,2,,,,,,,,,,,,,,,,,,,2,,,,,,,,,,,,,,,,,,,,,,,,,,,,,,,,,,,,,,,,,,,17,,,,,,,,,
BR,JUL,B,2002,,,,,,,,,,,,,,,,,,,,,,,,,,,,,,,,,,,,,,,,,,,,,,,,,,,,,,,,,,,,1,,,,,,,,,,,,,,,5,,,,,,,,,,,,,,,,,,,1,,,,,,,,,,,,,,,,,,,,,,,,,,,,,,,,,,,,,,,,,,,7,,,,,,,,,
BR,JUL,B,2003,,,,,,,,,,,,,,,,,,,,,,,,,,,,,,,,,,,,,,,,,,,,,,,,,,,,,,,,,,,,,,,,,,,,,,,,,,,1,,,,,,,,,,,,,,,,,,,,,,,,,,,,,,,,,,,,,,,,,,,,,,,,,,,,,,,,,,,,,,20,,,,,,,,,
BR,JUL,C,2002,,,,,,,,,,,,,,,,,,,,,,,,,,,,,,,,,,,,,,,,,,,,,,,,,,,,,,,,,,,,,,,,,,,,,,,,,,,24,,,,,,,,,,,,,,,,,,,,,,,,,,,,2,,,,,,,,,,,,,,,,,,,,,,,,,,,,,,,,,,8,,,,,,,,,
BR,JUL,C,2003,,,,,,,,,,,,,,,,,,,,,,,,,,,,,,,,,,,,,,,,,,,,,,,,,,,,,,,,,,,,,,,,,,,,,,,,,,,4,,,,,,,,,,,,,,,,,,,1,,,,,,,,,,,,,,,,,,,,,,,,,,,,,,,,,,,,,,,,,,,13,,,,,,,,,
BR,JUL,C,2002,,,,,,,,,,,,,,,,,,,,,,,,,,,,,,,,,,,,,,,,,,,,,,,,,,,,,,,,,,,,,,,,,,,,,,,,,,,14,,,,,,,,,,,,,,,,,,,,,,,,,,,,,,,,,,,,,,,,,,,,,,,,,,,,,,,,,,,,,,4,,,,,,,,,
BR,JUL,C,2003,,,,,,,,,,,,,,,,,,,,,,,,,,,,,,,,,,,,,,,,,,,,,,,,,,,,,,,,,,,,,,,,,,,,,,,,,,,10,,,1,,,,,,,,,,,,,,,,1,,,,,,,,,,,,,,,,,,,,,,,,,,,,,,,,,,,,,,,,,,,27,,,,,,,,,
BR,JUL,C,2002,,,,,,,,,,,,,,,,,,,,,,,,,,,,,,,,,,,,,,,,,,,,,,,,,,,,,,,,,,,,,,,,,,,,,,,,,,,18,,,,,,,,,,,,,,,,,,,1,,,,,,,,,,,,,,,,1,,,,,,,,,,,,,,,,,,,,,,,,,,,6,,,,,,,,,
BR,JUL,C,2003,,,,,,,,,,,,,,,,,,,,,,,,,,,,,,,,,,,1,,,,,,,,,,,,,,,,,,,,,,,,,,,,,,,,,,,,,,,,4,,,,,,,,,,,,,,,,,,,1,,,,,,,,,,,,,,,,,,,,,,,,,,,,,,,,,,,,,,,,,,,37,,,,,,,,,
BR,OCT,A,2002,,,,,,,,,,,,,,,,,,,,,,,,,,,,,,,,,,,,,,,,,,,,,,,,,,,,,,,,,,,,,,,,,,,,,,,,,,,4,,,1,,,,,,,,,,,,,,,,1,,,,,,,,,,,,,,,,,,,,,,,,,,,,,,,,,,,,,,,,,,,6,,,,,,,,,
BR,OCT,A,2003,,,,,,,,,,,,,,,,,,,,,,,,,,,,,,,,,,,,,,,,,,,,,,,,,,,,,,,,,,,,,,,,,,,,,,,,,,,11,,,,,,,,,,,,,,,,,,,,,,,,,,,,,,,,,,,,,,,,,,,,,,,,,,,,,,,,,,,,,,28,,,,,,,,,
BR,OCT,A,2002,,,,,,,,,,,,,,,,,,,,,,,,,,,,,,,,,,,,,,,,,,,,,,,,,,,,,,,,,,,,,,,,,,,,,,,,,,,1,,,,,,,,,,,,,,,,,,,,,,,,,,,,,,,,,,,,,,,,,,,,,,,,,,,,,,,,,,,,,,9,,,,,,,,,
BR,OCT,A,2003,,,,,,,,,,,,,,,,,,,,,,,,,,,,,,,,,,,,,,,,,,,,,,,,,,,,,,,,,,,,,,,,,,,,,,,,,,,3,,,,,,,,,,,,,,,,,,,1,,,,,,,,,,,,,,,,,,,,,,,,,,,,,,,,,,,,,,,,,,,10,,,,,,,,,
BR,OCT,A,2002,,,,,,,,,,,,,,,,,,,,,,,,,,,,,,,,,,,,,,,,,,,,,,,,,,,,,,,,,,,,,,,,,,,,,,,,,,,6,,,,,,,,,,,,,,,,,,,,,,,,,,,,,,,,,,,,,,,,,,,,,,,,,,,,,,,,,,,,,,3,,,,,,,,,
BR,OCT,A,2003,,,,,,,,,,,,,,,,,,,,,,,,,,,,,,,,,,,,,,,,,,,,,,,,,,,,,,,,,,,,,,,,,,,,,,,,,,,2,,,,,,,,,,,,,,,,,,,,,,,,,,,,,,,,,,,,,,,,,,,,,,,,,,,,,,,,,,,,,,13,,,,,,,,,
BR,OCT,B,2002,,,,,,,,,,,,,,,,,,,,,,,,,,,,,,,,,,,,,,,,,,,,,,,,,,,,,,,,,,,,,,,,,,,,,,,,,,,2,,,,,,,,,,,,,,,,,,,1,,,,,,,,,,,,,,,,,,,,,,,,,,,,,,,,,,,,,,,,,,,17,,,,,,,,,
BR,OCT,B,2003,,,,,,,,,,,,,,,,,,,,,,,,,,,,,,,,,,,,,,,,,,,,,,,,,,,,,,,,,,,,,,,,,,,,,,,,,,,1,,,1,,,,,,,,,,,,,,,,4,,,,,,,,,,,,,,,,,,,,,,,,,,,,,,,,,,,,,,,,,,,15,,,,,,,,,
BR,OCT,B,2002,,,,,,,,,,,,,,,,,,,,,,,,,,,,,,,,,,,,,,,,,,,,,,,,,,,,,,,,,,,,,,,,,,,,,,,,,,,7,,,,,,,,,,,,,,,,,,,1,1,,,,,,,,,,,,,,,1,,,,,,,,,,,,,,,,,,,,,,,,,,,6,,,,,,,,,
BR,OCT,B,2003,,,,,,,,,,,,,,,,,,,,,,,,,,,,,,,,,,,,,,,,,,,,,,,,,,,,,,,,,,,,,,,,,,,,,,,,,,,6,,,,,,,,,,,,,,,,,,,1,,,,,,,,,,,,,,,,,,,,,1,,,,,,,,,,,,,,,,,,,,,,4,,,,,,,,,
BR,OCT,B,2002,,,,,,,,,,,,,,,,,,,,,,,,,,,,,,,,,,,,,,,,,,,,,,,,,,,,,,,,,,,,,,,,,,,,,,,,,,,4,,,,,,,,,,,,,,,,,,,,1,,,,,,,,,,,,,,,,,,,,,,,,,,,,,,,,,,,,,,,,,,27,,,,,,,,,
BR,OCT,B,2003,,,,,,,,,,,,,,,,,,,,,,,,,,,,,,,,,,,,,,,,,,,,,,,,,,,,,,,,,,,,,,,,,,,,,,,,,,,4,,,,,,,,,,,,,,,,,,,2,,,,,,,,,,,,,,,,,,,,,,,,,,,,,,,,,,,,,,,,,,,7,,,,,,,,,
BR,OCT,C,2002,,,,,,,,,,,,,,,,,,,,,,,,,,,,,,,,,,,,,,,,,,,,,,,,,,,,,,,,,,,,1,,,,,,,,,,,,,,,13,,,,,,,,,,,,,,,,,,,1,,,,,,,,,,,,,,,,,,,,,,,,,,,,,,,,,,,,,,,,,,,12,,,,,,,,,
BR,OCT,C,2003,,,,,,,,,,,,,,,,,,,,,,,,,,,,,,,,,,,,,,,,,,,,,,,,,,,,,,,,,,,,,,,,,,,,,,,,,,,,,,,,,,,,,,,1,,,,,,,1,,,,,,,,,,,,,,,,,,,,,,,,,,,,,,,,,,,,,,,,,,,5,,,,,,,,,
BR,OCT,C,2002,,,,,,,,,,,,,,,,,,,,,,1,,,,,,,,,,,,,,,,,,,,,,,,,,,,,,,,,,,,,,,,,,,,,,,,,,,,,3,,,,,,,,,,,,,,,,,,,,,,,,,,,,,,,,,,,,,,,,,,,,,,,,,,,,,,,,,,,,,,16,,,,,,,,,
BR,OCT,C,2003,,,,,,,,,,,,,,,,,,,,,,,,,,,,,,,,,,,,,,,,,,,,,,,,,,,,,,,,,,,,,,,,,,,,,,,,,,,1,,,,,,,,,,,,,,,,,,,3,,,,,,,,,,,,,,,,,,,,,,,,,,,,,,,,,,,,,,,,,,,3,,,,,,,,,
BR,OCT,C,2002,,,,,,,,,,,,,,,,,,,,,,,,,,,,,,,,,,,,,,,,,,,,,,,,,,,,,,,,,,,,1,,,,,,,,,,,,,,,16,,,,,,,,,,,,,,,,,,,,,,,,,,,,,,,,,,,,,,,,,,,,,,,,,,,,,,,,,,,,,,45,,,,,,,,,
BR,OCT,C,2003,,,,,,,,,,,,,,,,,,,,,,,,,,,,,,,,,,,,,,,,,,,,,,,,,,,,,,,,,,,,,,,,,,,,,,,,,,,1,,,,,,,,,,,,,,,,,,,1,,,,,,,,,,,,,,,,,,,,,,,,,,,,,,,,,,,,,,,,,,,5,,,,,,,,,
CB,JAN,A,2002,,,,,,,,,,,,,1,,,,,,,,,,,,,,,,,,,,,,,,,,,,,,,,1,,,,,,,,,,,3,,,,,,,,,,,,2,,,,,,,23,,,,,,,,,,,,1,,1,,,,,,,,,,2,3,,,,,,,,16,,,4,,,,,,,,,,,,,4,,,,,,,,,,,,,,,,,,2,,,,
CB,JAN,A,2003,,,,,,,,,,,,,2,,,,,,,,,,,,,,,,,,,1,,,,,,,7,,,,,,,,,,,,,,,,,2,,,,,,,,,,,,1,1,,,,,,24,,,,,,,,,,,,1,,1,,,,,,,,,,,,,,,,,,,22,,,1,,,,,,,,,,,,,1,,,1,,,,,,2,,,,5,,,,,9,,,1,
CB,JAN,A,2002,,,,,,,,,,,,,1,,,,,,3,,,,,,,,,,,,,,,,,,1,,6,,,,,,1,,,,,,,,,,,4,,,,,,,,,,,,4,,,,,,,17,,,,,,,,,,,,,,,,,,,,,,,,,,,,,,,,,23,,,6,,,,,,,,,,,,,,,,,,,,,,,,,,,,,,,2,,,,
CB,JAN,A,2003,,,,,,,,,,,,,3,,,,,,,,,,,,,,,,,,,,1,,,,,,2,,,,,,,,,,,,,,,,,3,,,,,,,,,,,,2,,,,,,,16,,,,,,,,,,,,1,,,,,,,1,,,,,,,,,,,,,,17,,,3,,,,,,,,,,,,,,,,,,1,1,,,3,,,,1,,,,,2,,,,1
CB,JAN,A,2002,,,,,,,,,,,,,2,,,2,,,,,,,,,,,,,,,,,,,,,,,,,,,,,,,,,,,,,,1,,1,,,,,,,,,,,,1,,,,,,,18,,1,,,,1,,,,,,,,7,,,,,,,,,,,2,,,,,,,,12,,,11,,,,,,,,,,,,,,,,,,,,,,,,,,,,,,,,,,,
CB,JAN,A,2003,,,,,,,,,,,,,1,,,,,,,,,,,,,,,,,,2,,,,,,,,2,,,,,,,,,,,,,,,,,3,,,,,,,,,,,,3,1,,,,,1,25,,,,,,1,,,,,,2,,1,,,,,1,1,,,1,,,,,1,,,,,26,,,4,,,,,,,,,,,,,3,,,,,1,,,,3,,,,4,,,,,26,,,,
CB,JAN,B,2002,,,,,,,,,,,,,,,,,,,,,,,,,,,,,,,,,3,,,,,,1,,,,,,,,,,,,,,,,,,,,,,,,,,,,,2,,,,,,,2,,,,,,,,,,8,,,,,,,,,,,,,,,,,,,,,,,10,,,,,,,,,,,,,,,,,,,,,,,,,,,,,1,,,,,,,,1,
CB,JAN,B,2003,,,,,,,,,,,,,,,,,,,,,,,,,,,,,,,,,7,,,,,,,,,,,,,,1,,,,,,,,,,,,,,,,,,,,,,,,,,,,8,,,,,,,,,,,,2,,1,,,,,,,,,1,,,,,,,,,,1,,,,,,,,,,,,,,,,1,,,,,,,,,,,,,7,,,,,,,,,
CB,JAN,B,2002,,,,,,,,,,,,,,,,,,,,,,,,,,,,,,,,,5,,,,,,,,,,,,,1,,,,,,,,,,,,,,,,,,,,,,1,,,,,,,9,,,,,,,,,,,,,,,,,,,1,,,,,,,,,,,,,,,,,,,,,,,,,,,,,,,,,,,,,,,,,,,2,,,,,,,,,
CB,JAN,B,2003,,,,,,,,,,,,,3,,,,,,,,,,,,,,,,,,,,2,,,,,,,,,,,,,,,,,,,,,,,1,,,,,,,,,,,,,,,,,,,6,,,,,,,,,,,,,,,,,,,,,,,,,,,,,,,,,3,,3,1,,,,,,,,,,,,,,,,,,,1,,,,,,,5,,,,,,,,,
CB,JAN,B,2002,,,,,,,,,,,,,,,,,,,,,,,,,,,,,,,,,,,,,,,,,,,,,,1,,,,,,,,,,,,,,,,,,,,,,,,,,,,,3,,,,,,,,,,,,,,,,,,,,,,,,,,,,1,,,,,5,,,,,,,,,,,,,,,,,,,,,,,,,,,,,1,,,,,,,,,
CB,JAN,B,2003,,,,,,,,,,,,,1,,,,,,,,,,,,,,,,,,,,2,,,,,,,,,,,,,,,,,,,,,,,1,,,,,,,,,,,,5,,,,,,,7,,,,,,,,,,,,1,,2,,,,,1,,,,,,,,,1,,,,,1,,,,,,,,,,,,,,,,,,,,,1,,,,,,,,,,,,,,,,,
CB,JAN,C,2002,,,1,,1,,1,,1,,,,8,,,,,,,,,,,,,,,,,,2,,,,,,,,5,,,,,,1,,,,,,,,,,,1,,,,,,,,,,,,4,,,,,,,20,,,,,,1,,,,,,,,,,,,,2,,,,,,,,,,,,,,9,,1,,,,,,,,,,,,,,2,,,,,,1,,,,,,,,,,,,1,,1,,
CB,JAN,C,2003,1,,,,,,,,1,1,,,2,,,,,,,,,,,,,,,,,,2,,2,,,,,,8,,,,,,,,,,,,,,,1,,1,,,,,,,,,,,,1,,,,,,,13,,,,1,,1,,,,,,,,2,,,,,1,,,,,,,,,,,,,1,7,,,5,2,,,,,,,,,,,,1,,,,,,1,,,3,,,,,,,,,,,,,
CB,JAN,C,2002,,,,,,,,1,,,,,6,,,,,,,,,,,,,,,,,,5,,,,,,,,1,,,,,,3,,,,1,,,,,,,,,,,,,,,,,,,1,,,,,,1,20,,,,,,1,,,,,,,,,,,,,2,,,,,,,,,,,,,,13,2,1,,,,,,,,,,,,,,1,,,,,,3,,,,2,,,,,,,,10,,,,
CB,JAN,C,2003,,,1,,,,,,,,,,2,,,,,,,,,,,,,,,,,,6,,,,,,,,3,,,,2,,,,,,,,,,1,,,3,,,,,,,,,,,2,2,,,1,,,1,31,,,,1,,1,,,,,,,,9,,,,,3,1,,,,,,,,1,,,,,34,,,5,4,,,,,,,,,,,,1,,,,1,2,1,,,2,,,,2,,,,,11,,,,
CB,JAN,C,2002,,,,,,,1,,,,,,3,,,2,,,,,,,,,,,,,,,1,,1,,,,,,,,,,,,6,,,,,,,,,,,,,,,,,,,,,1,,1,,,,,,,17,,,,1,,1,,,,1,,,,,,,,,1,,,,,,,,,,,,,,26,,1,1,1,,,,,,,,,,,1,2,,,,,,,,,,,,,1,,,,,6,,,1,
CB,JAN,C,2003,,,,,,,,1,,,,,,,,,,,,,,,,,,,,,,,4,,,,,,,,,,,,,,,,,,,,,,,,,2,,,,,,,,,,,,3,,,,,,,27,,,,,,1,,,,1,,1,,2,,,,,1,,,,,,,,,,,,,,21,,,4,3,,,,,,,,,,,,,,,,,,,,,1,,,,1,,,,,11,,,,
CB,APR,A,2002,,,,,,,,,,,,,4,,,,,,,,,,,,,,,,,,,,2,,,,,,4,,,,,1,3,,,,,,,,,,,1,,,,,,,,,2,,,2,,,,,,1,27,,,,2,,1,,,,,,,,1,,,,,,,,,,,,,,1,,,,,18,,,6,,,,,1,,,,,,,,2,,,,,,,,,,,,,,,,,,20,,,,
CB,APR,A,2003,1,1,,,,,,,,,,,3,,,,,,,,,,,,,,,,,,1,,,,,,,,7,,,,,,,,,,,,,,,1,,2,,,,,,,,,,,,5,,,,,,,27,,,,2,,1,,,,,,1,,1,,,,,,,,,,,,,,,,,,,17,,,14,,,,,,,,,,,,,,,,,,,1,,,3,,,,,,,,,10,,,,
CB,APR,A,2002,,,,,,,,,,,,,1,,,,,,1,,,,,,,,,,,,1,,1,,,,,,2,,,,,,1,,,,,,,,,,,,,,,,,,,,,,,3,,,,,,,14,,,,1,,1,,,,,,,,,,,,,1,,,,,,,,,,,,,,14,,,1,,,,,,,,,,,,,1,,,,,,,,,,1,,,,,,,,2,,,,
CB,APR,A,2003,,,,,,,,,,,,,8,,,,,,,,,,,,,,,,,,,,,,,,,,1,,,,,,,,,,1,,,,,,,,,,,,,,,,,,,1,,,,,,,42,,,,,,,,,,,,,,1,,,,,,,,,,,,,,,,,,,8,,,7,,,,,,,,,,,,,6,,,,,,2,,,1,,,,,,,,,,,,,
CB,APR,A,2002,,,1,,,,,,,1,,,8,,,,,,,,,,,,,,,,,,1,,,,,,,,2,,,,,,1,1,,,,,,,1,,,2,,,,1,,,,,7,1,,2,,,,,,1,29,,,,1,,1,,,,,,,,2,,,,,,,,,,,,,,,,,1,,13,,,9,,,,,,,,,,,,,,,,,,,1,,,,1,,,,,,,,1,,,,1
CB,APR,A,2003,,,,,,,,,,,,,,,,,,,,,,,,,,,,,,,,,,,,,,,3,,,,,,,,,,,,,,,1,,1,,,,,,,,,,,,3,,,,,1,,25,,,,1,,,,,,,,,,2,,,,,2,,,,,3,,,,,,,,,22,,,5,,,,,,,,,,,,,5,,,,,1,1,,,,,,,2,,,,,1,,,,
CB,APR,B,2002,,,,,,,1,,,,,,1,,,,,,,,,,,,,,,,,,,,2,,,,,,,,,,,,,,,,,,,,1,1,,,,,,,,,,,,,,,,,,,,,7,,,,,,,,,,,,,,,,,,,1,,,,,,,,,,,,,,3,,,,,,,,,,,,,,,,,,,,,,,,,,,,,,,,,,,,,,
CB,APR,B,2003,1,,,,,,,,,,,,2,,,,,,,,,,,,,,,,,,,,5,,,,,,,,,,,,,,,,,,,,,3,,,,,,,,,,,,,,3,,,,,1,,10,,,,,,,,,,,,,,,,,,,1,,,,,,,,,4,,,,,2,,1,1,,,,,,,,,,,,,,,,,,,1,,,,,,,3,,,,,,,,,
CB,APR,B,2002,,,,,,,,,,,1,,3,,,,,,,,,,,,,,,,,,,,,,,,,,,,,,,,,,,,,,,,,,,,,,,,,,,,,,,3,,,,,,,11,,,,,,,,,,,,1,,,,,,,1,,,,,,,,,,,,,,15,,,1,,,,,,,,,,,,,2,,,,,,,,,,,,,,,,,,,,,,
CB,APR,B,2003,,,,,,,,,,,,,4,,,,,,,,1,,,,,,,,,,,,9,,,,,,,,,,,,,,,,,,,,,1,,,,,,,,,,,,,,1,,,,,1,,11,,,,,,,,,,,,,,1,,,,,,,,,,,,,,1,,,,,2,,,1,,,,,,,,,,,,,,,,,,,,,,,,,,3,,,,,,,,,
CB,APR,B,2002,,,,,,,,,,1,,,1,,,,,,,,,,,,,,,,,,,,,,,,,,,,,,,,,,,,,,,,,2,,1,,,,,,,,,,,,1,,,,,,,5,,,,,,,,,,,,1,,,,,,,,,,,,,,,,,,,,,5,,,2,,,,,,,,,,,,,,,,,,1,,,,,,,,,,,,,,,,,
CB,APR,B,2003,,,,,,,,,,,,,3,,,,,,,,,,,,,,,,,,,,6,,,,,,,,,,,,,,,,,,,,,,,,,,,,,,,,,,,,,,,,,,11,,,,,,,,,,,,1,,,,,,,1,,,,,,,,,1,,,,,,,,,,,,,,,,,,,,,,,,,,,,,,,,,,2,,,,,,,,,
CB,APR,C,2002,,,5,,,,1,,,,,,14,,,,,,,,,,,,1,,,,,,7,,,,,,,,3,,,,,,1,,,1,,,,,1,,,2,,,1,,,,,,,,2,8,,,,,,1,26,,,,1,,1,,,,,,,,,,,,,7,,,,,,,,,,,,,,56,1,,1,,,,,,,,,,,,,,,,,,,1,1,,,2,,,,,,,,3,,,,
CB,APR,C,2003,,,,,,,,,,,,,4,,,,,,,,,,,,,,,,,,3,,,,,,,,12,,,,,,,,,,,,,,,,,,,,1,,,,,,,1,,15,,,,,,,29,,,,1,,1,,,,,,,,,,,,,,,,,,,,,,,,1,,,19,,,1,3,,,,,,,,,,,,,,,,,,1,,,1,,,,1,,,,,18,,1,,
CB,APR,C,2002,,,,,,,,,,,,,6,,,,,,,,,,,,,,,,,,2,,,,,,,,14,,,,1,,2,,,,,,,,1,,,2,,,,,,,,,,,,9,,,,,,1,18,,,,,,1,,2,,,,,,,,,,,5,,,,1,,,,,,,,,,12,,,,,,1,,,,1,,,,,,,,,,,,4,,,,4,1,,,,,,,21,,,,
CB,APR,C,2003,1,,,,,,,,,,,,2,,,,,,,,,,,,,,,,,,6,,,,,,,,2,,,1,,,1,,,,,,,,,1,,2,,,,,,,,,,,,10,,,,,1,1,34,,,,1,,1,,,,,,,,7,,,,,2,,,,,,,,,,,1,,,16,,,1,,,,,,,,,,,,,,,,1,,3,2,,,,,,,,,,,,20,,,,
CB,APR,C,2002,,2,5,,,,1,,,,,,10,,,1,,,,,,,,,,,,,,,6,,,1,,,,,3,,,1,,,,,,,,,,,2,,,4,,,,,,,,,,,,7,,,,,,,14,,,,1,,1,,2,,,,,,1,,,,,1,,,,1,1,,,,,,,,,13,,,,,,,,,,,,,,,,,,,,,,5,,,,,,,,,,,,5,,,,
CB,APR,C,2003,,,,,,,1,,,,,,4,,,,,,,,,,,,,,,,1,,1,,,,,,,,15,,,,,,1,,,,,,,,1,,,,,,1,,,,,,,,,12,,,,,,,33,,,,1,,,,,,,,,,2,,,,,2,,,,,,,,,,,,,,11,,,1,3,,,,,,1,,,,,,,,,,,,1,,,1,,,,1,,,,,2,,,,
CB,JUL,A,2002,,,,,,,,,,,,,5,,,1,,,,,,,,,,,2,,,,,,1,,,,,,3,,,,,,1,,,,,,,,,,,1,,,,,,,,,,,,,1,,,,,,7,,,,,,2,,1,,,,1,,6,,,,,,,,,,,,,,,,,,,20,,1,5,,,,,,,,,,,,,1,,,,,1,,,,,,,,,,,,,2,,,,
CB,JUL,A,2003,,,,,,,,,,,,,6,,,,,,,,,,,,,,,,,,,,,,,,,1,10,,,,,,,,,,,,,,,,,2,,,,,,,,,,,,4,,,,,,,20,,,,,,1,1,,,,,,,1,,,,,2,,,,1,1,,,,,,,,,19,,,6,3,,,,,,,,,,,,,,,,,1,,,,1,,,,,,,,,2,,,,
CB,JUL,A,2002,,,,,,,,,,,,,11,,,,,,,,,,,,,,1,,,,,,1,,,,,,,,,,,,,,,,,,,,,2,,2,,,,,,,,,,,,,,,,,,,13,,,,,,,,,,,,,,1,,,,,,1,,,,,,,,,,,,,15,,,5,,,,,,,,,,,,,1,,,,,,,,,,,,,,,,,,3,,,,
CB,JUL,A,2003,,,,,,,,,,1,,,14,,,,,,,,,,,,,,,,,,,,,,,,,,,,,,,,1,,,,,,,,,3,,3,,,1,,,,,,,,,2,2,,,,,,16,,,1,1,,1,,,,,,,,,,,,,4,,,,,1,,,,,,,,,19,,,2,,,,,,,,,,,,,,,,,,,1,,,2,,,,,,,,,2,,,,
CB,JUL,A,2002,,,,,,,,,,,,,8,,,,,,,,,,,,,,1,,,,,,1,,,,,,1,,,,,,,,,,,,,,,,,1,,,,,,,,,,1,,3,1,,,,,,25,,,,,,,,,,,,,,1,,,,,,,,,,,,,,,,,,,15,,,2,,,,,,,,,,,,,2,,,,,,1,,,,,,,,,,,,4,,,1,1
CB,JUL,A,2003,,,,,,,,,,,,,7,,,,,,,,,,,,,,,,,,,,1,,,,,,,,,,,,,2,,,,,,,,,,4,,,,,,,,,1,,,2,,,,,,,17,,,,,,,,,,,,,,1,,,,,2,,,,,,,,,,,,,,24,,,10,,,,,,,,,,,,,3,,,,,1,1,,,,,,,,,,,,,,,2,
CB,JUL,B,2002,,,,,,,,,,,,,3,,,,,,,,,,,,,,,,,,,,1,,,,,,,,,,,,,,,,,,,,,,,1,,,,,,,,,,,,,,,,,,,2,,,,,,,,,,,,,,,,,,,,,,,,,,,,6,,,,,2,,,,,,,,,,,,,,,,,,,,,,,,,,,,,,,,,,,,,,
CB,JUL,B,2003,,,,,,,,,,,,,4,,,,,,,,,,,,,,,,,,,,3,,,,,,,,,,,,,,,,,,,,,2,,2,,,,,,,,,,,,,,,,,,,2,,,,,,,,,,,,,,,,,,,2,,,,,,,,,3,,,,,7,,,,,,,,,,,,,,,,,,,,,1,1,,,,,,,1,,,,,,,,,
CB,JUL,B,2002,,,,,,,,,,,,,1,,,,,,,,,,,,,,,,,,,,1,,,,,,,,,,,,,,,,,,,,,,,1,,,,,,,,,,,,2,,,,,,,4,,,,,,,,,,,,,,,,,,,,,,,,,,,,2,,,,,2,,1,,,,,,,,,,,,,,1,,,,,,,,,,,,,,,,,,,,,,
CB,JUL,B,2003,,,,,,,,,,,,,2,,,,,,,,,,,,,,,,,,,,2,,,,,,1,,,,,,,,,,,,,,,,,1,,,,,,,,,,,,1,4,,,,,,5,,,,,,,,,,7,,,,,,,,,1,,,,,,,,,,,,,,7,,,,,,,,,,,,,,,,,,,,,,1,,,,,,,1,,,,,,,,,
CB,JUL,B,2002,,,,,,,,,,,,,2,,,,,,,,,,,,,,,,,,,,2,,,,,,,,,,,,,,,,,,,,,,,,,,,,,,,,,,,2,,,,,,,5,,,,,,,,,,,,,,,,,,,5,,,,,,,,,,,,,,3,,2,2,,,,,,,,,,,,,,,,,,,,,,,,,,,,,,,,,,,
CB,JUL,B,2003,,,,,,,,,,,,,2,,,,,,,,,,,,,,,,,,,,2,,,,,,,,,,,,,,,,,,,,,,,2,,,,,,,,,,,,2,,,,,,,13,,,,,,,,,1,,,,,,,,,,1,,,,,,,,,3,,,,,5,,,,,,,,,,,,,,,,,,,,,,,,,,,,,2,,,,,,,,,
CB,JUL,C,2002,,,,,,,3,,,,,,5,,,,,,,,,,,,,,,,,,,,,,,,,,5,,,,,,1,,,,,,,,,1,,4,,,,,,,,,,,,1,,,,,,,17,,1,,,,,,1,,,,,,2,1,,,,4,,,,,1,,,,,,,,1,30,,1,1,,,,,,1,,,,,,,,,,,,,1,,,,1,,,,,,,,10,,,2,
CB,JUL,C,2003,,,2,,,,,,,,,,2,,,,,,,,,,,,,,,,,,7,,1,1,,,,,,,,,,,,,,,,,,,,,,3,,,,,,,,,,,,3,,,,,,3,23,1,,,,,1,,,,,,,,7,,,,,4,,,,,,,,,,,,,,10,,,2,,,,,,,,,,,,,,,,,,,1,,,,,,,,,,,,26,,,,
CB,JUL,C,2002,,,2,,,,,,,,,,1,,,,,,,,,,,,1,1,,,,,,,,,,,,,9,,,,,,,,,,,,,,,,,1,,,,,,,,,,,,2,,,,,,,6,,,,,,1,,,,,,,,,,,,,1,,,,,1,,,,,,,,,10,,,3,,,,,,,,,,,,1,,,,,,,,,,,1,,,,,,,,25,,,,
CB,JUL,C,2003,,,2,,,,,,,,,,6,,,,,,,,,,,,,,,,,,4,,1,,,,,,2,,,,,,,,,,,,,,,1,,2,,,1,,,,,,,2,,5,,,,,,,19,,,,,1,,,,,,,,,1,,,,,1,,,,,,,,,2,,,,,22,,,3,,,,,,,,,,,,,,,,,,3,1,,,,,,,,,,,,8,,,,
CB,JUL,C,2002,,,,,,,1,,,,,,5,1,,,,,,,,,,,,,,,,,,,,,,,,,6,,,,,,,,,,,,,,,,,3,,,,,,,,,,,1,4,,,,,,,13,,,,,,,2,,,,3,,,,,,,,4,,,,2,,,,,,,,,,6,,,2,1,,,,,,,,,,,,,,,,,,,,,,,,,,,,1,,1,,,,
CB,JUL,C,2003,1,,1,,,,,,,,,,3,,,,,,,,,,,,,,,,,,5,,,,,,,,9,,,,,,,,,,,,,,,,,2,,,,,,,,,,,,3,,,,,,2,13,,,,1,,1,,,,,,,,2,,,,,3,,,,,,,,,1,,,,,16,,,1,1,,,,,,,,,,,,,,,,,,1,,,,,,1,,,,,,33,,,,
CB,OCT,A,2002,,,,,,,,,,,,,7,,,,,,,,,,,,,,,,,,1,,,,,,,,1,,,,,,,,,,,,,,,1,,1,,,,,,,,,1,,,2,,,,,,,24,,,,,,,,,,,,,,1,,,,,1,,,,,,,,,,,,,,17,,1,5,,,,,,,,,,,,,2,,,,,,,,,,,,,7,,,,,,,,,
CB,OCT,A,2002,,,,,,,,,,,,,4,,,,,,,,,,,,,,,,,,,,1,,,,,,9,,,,,,,,,,,,,,,,,,,,,,,,,,1,,,2,,,,,,,9,,,,,,,,,,,,1,,,,,,,1,,,,,,,,,,,,,,4,,,1,,,,,,,,,,,,,,,,,,,,,,,,,,5,,,,,,,,,
CB,OCT,A,2002,,,,,,,,,,,,,1,,,,,,9,,,,,,,,,,,,,,,,,,,,,,,,,,,,,,,,,,,,,1,,,,,,,,,,,,1,,,,,,,27,,,,,,,,,,,,,,2,,,,,,,,,,,,,,1,,,,,10,,,9,,,,,,,,,,,,,1,,,,,1,,,,,,,,11,,,,,,,,,
CB,OCT,B,2002,,,,,,,,,,,,,1,,,,,,,,,,,,,,,,,,,,,,,,,,,,,,,,,,,,,,,,,,,,,,,,,,,,,,,2,,,,,,,4,,,,,,,,,,,,,,,,,,,,,,,,,,,,,,,,,4,,,,,,,,,,,,,,,,,,,,,1,,,,,,,,4,,,,,,,,,
CB,OCT,B,2002,,,,,,,1,,,,,,2,,,,,,,,,,,,,,,,,,,,2,,,,,,,,,,,,,,,,,,,,,,,,,,,1,,,,,,,,1,,,,,,,7,,,,,,,,,,,,,,,,,,,1,,,,,,,,,,,,,,1,,,,,,,,,,,,,,,,,,,,,,,,,,,,,,,,,,,,,,
CB,OCT,B,2002,,,,,,,,,,,,,3,,,,,,,,,,,,,,,,,,,,,,,,,,,,,,,,,,,,,,,,,,,,,,,,,,,,,,,,,,,,,,2,,,,,,,,,,,,,,,,,,,2,,,0,1,,,,,1,,,,,5,,,,,,,,,,,,,,,,,,,,,,,,,,,,,,,,,,,,,,
CB,OCT,C,2002,,,,,,,,,,,,,3,,,,,,,,,,,,,,,,,,,,1,,,,,,9,,,2,,,,,,,,,,,,,,2,,,,,,,,,,,,1,,,,,,,32,,,,,,,1,,,,,1,,1,,,,,1,,,,,,,,,,,,,,51,,,,10,,1,,,,,,,,,,,,,,,3,1,,,,,,,2,,,1,,12,,,,
CB,OCT,C,2002,,,1,,,,,,,,,,1,,,,,,,,,,,,,,,,,,1,,,,,,,,4,,,,,,,,,,,,,,,,,2,,,,,,,,,,,1,5,,,,,,1,9,,1,,,,1,,,,,1,,,20,,,,,2,,,,,1,,,,,,,,,36,,,1,3,,,,,,,,,,,,1,,,,,,1,,,,,,,2,,,1,,6,,,3,
CB,OCT,C,2002,,,,,,,,,,,,,2,3,,,,,,,,,,,,,,,,,,,,,,,,,3,,,1,,,,,,,,,,,1,,,,,,,,,,,,,,,2,,,,,,1,33,,,,,,1,,,,,,,,1,,,,,1,,,,,,,,,,,,,,19,,1,6,11,,,,,,,,,,,,,,,,,1,,,,,,,,2,,1,,,20,,,,
LC,JAN,A,2002,,,,,,,,,,,,,,,,,,,,,,,,,,,,,,,,,,,,,,,,,,,,,,,,,,,,,,,,,,,,,,,,,,,,,,,,,,,7,,,,,,,,,,,,,,,,,,,,,,,,,,,,,,,,,,,,,,,,,,,,,,,,,,,,,,,,,,,,,,1,,,,,,,,,
LC,JAN,A,2003,,,,,,,,,,,,,,,,,1,,,,,,,,,,,,,,,,,,,,,,,,,,,,,,,,,,,,,,,,,,,,,,,,,,,,,,,,,,6,,,,,,,,,,,,,,,,,,,,,,,,,,,,,,,,,,,,,,,,,,,,,,,,,,,,,,,,,,,,,,2,,,,,,,,,
LC,JAN,A,2002,,,,,,,,,,,,,,,,,,,,,,,,,,,,,,,,,,,,,,,,,,,,,,,,,,,,,,,,,,,,,,,,,,,,,,,,,,,8,,,,,,,,,,,,,,,,,,,1,,,,,,,,,,,,,,,,,,,,,,,,,,,,,,,,,,,,,,,,,,,2,,,,,,,,,
LC,JAN,A,2003,,,,,,,,,,,,,,,,,,,,,,,,,,,,,,,,,,,,,,,,,,,,,,,,,,,,,,,,,,,,,,,,,,,,,,,,,,,8,,,,,,,,,,,,,,,,,,,,,,,,,,,,,,,,,,,,,,,,,,,,,,,,,,,,,,,,,,,,,,2,,,,,,,,,
LC,JAN,A,2002,,,,,,,,,,,,,,,,,,,,,,,,,,,,,,,,,,,,,,,,,,,,,,,,,,,,,,,,,,,,,,,,,,,,,,1,,,,,7,,,,,,,,,,,,,,,,,,,1,,,0,,,,,,,,,,,,,,,,,,,,,,,,,,,,,,,,,,,,,,,,3,,,,,,,,,
LC,JAN,A,2003,,,,,,,,,,,,,,,,,,,,,,,,,,,,,,,,,,,,,,,,,,,,,,,,,,,,,,,,,,,,,,,,,,,,,,,,,,,6,,,,,,,,,,,,1,,,,,,,,,,,,,,,,,,,,,,,,,,,,,,,,,,,,,,,,,,,,,,,,,,3,,,,,,,,,
LC,JAN,B,2002,,,,,,,,,,,,,,,,,,,,,,,,,,,,,,,,,,,,,,,,,,,,,,,,,,,,,,,,,,,,,,,,,,,,,,2,,,,,2,,,,,,,,,,,,,,,,,,,,,,,,,,,,,,,,,,,,,,,,,,,,,,,,,,,,,,,,,,,,,,4,,,,,,,,,
LC,JAN,B,2003,,,,,,,,,,,,,,,,,,,,,,,,,,,,,,,,,3,,,,,,,,,,,,,,,,,,,,,,,,,,,,,,,,,,,,,,,,,,8,,,,,,,,,,,,,,,,,,,1,,,,,,,,,,,,,,,,,,,,,,,,,,,,,,,,,,,,,,,,,,,2,,,,,,,,,
LC,JAN,B,2002,,,,,,,,,,,,,,,,,,,,,,,,,,,,,,,,,2,,,,,,,,,,,,,,,,,,,,,,,,,,,,,,,,,,,,,2,,,,,2,,,,,,,,,,,,,,,,,,,,,,,,,,,,,,,,,,,,,,,,,,,,,,,,,,,,,,,,,,,,,,,,,,,,,,,
LC,JAN,B,2003,,,,,,,,,,,,,,,,,,,,,,,,,,,,,,,,,2,,,,,,,,,,,,,,,,,,,,,,,,,,,,,,,,,,,,,,,,,,1,,,,,,,,,,,,,,,,,,,,,,,,,,,,,,,,,,,,,,,,,,,,,,,,,,,,,,,,,,,,,,,,,,,,,,,
LC,JAN,B,2002,,,,,,,,,,,,,,,,,,,,,,,,,,,,,,,,,2,,,,,,,,,,,,,,,,,,,,,,,,,,,,,,,,,,,,,,,,,,1,,,,,,,,,,,,,,,,,,,,,,,,,,,,,,,,,,,,,,,,,,,,,,,,,,,,,,,,,,,,,,1,,,,,,,,,
LC,JAN,B,2003,,,,,,,,,,,,,,,,,,,,,,,,,,,,,,,,,4,,,,,,,,,,,,,,,,,,,,,,,,,,,,,,,,,,,,,,,,,,8,,,,,,,,,,,,,,,,,,,,,,,,,,,,,,,,,,,,,,,,,,,,,,,,,,,,,,,,,,,,,,,,,,,,,,,
LC,JAN,C,2002,,,1,,,,,,,,,,,,,,,,,,,,,,,,,,,,,,4,,,,,,1,,,,,,,,,,,,,,,,,2,,,,,,,,,,,,1,,,,,,,22,,,,,,,,,,,,,,,,,,,1,,,,,,,,,,,,,,1,,,,,,,,,,,,,,,,1,,,,,1,2,,,,,,,1,,,,,1,,,,
LC,JAN,C,2003,,,,,,,,,,,,,,,,,,,,,,,,,,,,,,,,,1,,,,,,,,,,,,,,,,,,,,,,,1,,,,,,,,,,,,2,,,,6,,1,10,,,,,,1,,,,,,,,,,,,,,,,,,,,,,,,,,,3,,,,,,,,,,,,,,,,1,,,,,,,,,,,,,,,,,,2,,,1,
LC,JAN,C,2002,,,,,,,,,,,,,4,2,,,,,,,,,,,,,,,,,,,,,,,,,,,,,,,,,,,,,,,,,,,,,,,,,,,,,,1,,,,,,,9,,,,,,,,,,,1,,,,,,,,,,,,,,,,,,,,,,,,,,,,,,,,,,,,,,1,,,,,,,,,,,,,1,,,,,,,,,
LC,JAN,C,2003,,,,,,,,,,,,,,,,,,,,,,,,,,,,,,,,,5,,,,,,,,,,,,,,,,,,,,,,,3,,,,,,,,,,,,1,,,,,,2,12,,,,,,1,,,2,,,,,,,,,,1,,,,,,1,,,,,,,,1,,1,,,,,,,,,,,,,,,,,,,1,,,,,,,,1,,,,,,,,,
LC,JAN,C,2002,,,,,,,,,,,,,1,1,,1,,,,,,,,,,,,,,,,,1,,,,2,,,,,,,,,,,,,,,,,,,1,,,,,,,,,,,,,,,,,,,9,,,,,,,,,1,1,,,,,,,,,1,,,,,,,,,,,,,,,,,,,,,,,,,,,,,,,,,,,,,,,,,1,,1,,,,,,,,,
LC,JAN,C,2003,,,,,,,,,,,,,1,1,,,,,,,,,,,,,,,,,,,1,,,,,,,,,,,,,,,,,,,,,,,,,,,,,,,,,,,2,,,,,,,13,,,,,,1,,,,,,,,,,,,,,,,,,,,,,,,,,,,,,,,,,,,,,,,,,,3,,,,,,,,,,,,,,,,,,1,,,1,
LC,JAN,D,2002,,,,,,,,,,,,5,,,,,,,,,,,,,,,,,,,,,3,,,,,,1,,,,,,,,,,,,,,1,,,,,,,,,,,,,,,,,,,,,1,14,,,,,,1,,,1,,,,,1,,,,,,,,,,,,,,41,,,,,,,,,,,,,,1,,,,,,,,,,,,,,,1,,,,,,,,,,,,,,
LC,JAN,D,2003,,,,,,,,,,,,1,,,,,,,,,,,,,,,,,,,,,,,,,,,,,,,,,,,,,,,,,,,,,,,,,,,,1,,,,,,,,,,,10,,,,,,,,,,,,,,,,,,,,,,,,1,,,,1,,,,,,,1,,1,,,,,,,,,,,,,,,,,,,,,,,,,,,,,,,,,,
LC,JAN,D,2002,,,,,,,,,,,,1,,,,,,,,,,,,,,,,,,,,,4,,,,,,,,,,,,,,,,,,,,,1,,,,,,,,,,,,1,,,,,,,,,13,,,,,,1,,,,,,,,,,,,,,,,,,,,,,5,,,,,,,1,,,,,,,,,,,,,,,,,,,,,,,,,,,2,,,,,,,,,
LC,JAN,D,2003,,,,,,,,,,,,3,,,,,,,,,,,,,,,,,,,,,,,,,,,,,,,,,,1,,,,,,,,,,,,,,,,,,,,,,,,,,,,,12,,,,,,,,,,,,,,,,,,,,,,,,,,,,13,,,,,,,,,,,,,,,,,,,,,,,,,,,,,,,,,,1,,,,,,,,,
LC,JAN,D,2002,,,,,,,,,,,,6,,,,,,,,,,,,,,,,,,,,,2,,,,,,1,,,,,,,,,,,,,,,,,,,,,,,,,,,2,,,,,,,,,10,,,,,,1,,,3,,,,,2,,,,,2,,,,,,,,,24,,,,,,,,,,,,,,,,,,,,,,,,,,,,,,,,,,1,,,,,,,,,
LC,JAN,D,2003,,,,,,,,,,,,1,,,,,,,,,,,,,,,,,,,,,2,,,,,,,,,,,,,1,,,,,,,,1,,,,,,,,,,,,,,,,,,,,,10,,,,,,,,,,,,,,,,,,,,,,,,,,,,3,,,,,,,,,,,,,,,,,,,,,,,,,,,,,,,,,,,,,,,,,,,
LC,APR,A,2002,,,,,,,,,,,,,,,,,,,,,,,,,,,,,,,,,,,,,,,,,,,,,,,,,,,,,,,,,,,,,,,,,,,,,,1,,,,,16,,,,,,,,1,,,,1,,,,,,,1,,,,,,,,,,,,,,,,,,,,,,,,,,,,,,,,,,,,,,,,,,,3,,,,,,,,,
LC,APR,A,2003,,,,,,,,,,,,,,,,,,,,,,1,,,,,,,,,,,,,,,,,,,,,,,,,,,,,,,,,,,,,,,,,,,,,,,,,,,,,22,,,,,,,,,,,,5,,,,,,,,,,,,,,,,,,,,,,,,,,,,,,,,,,,,,,,,,,,,,,,,,,3,,,,,,,,,
LC,APR,A,2002,,,,,,,1,,,,,,,,,,,,,,,1,,,,,,,,,,,,,,,,,,,,,,,,,,,,,,,,,,,,,,,,,,,,,,,,1,,,,,10,,,,,,,,,,,,1,,,,,,,,,,0,,,,,,,,,,,,,,,,,,,,,,,,,,,,,,,,,,,,,,,,5,,,,,,,,,
LC,APR,A,2003,,,,,,,,,,,,,,,,,,,,,,1,,,,,,,,,,,1,,,,,,,,,,,,,,,,,,,,,,,,,,,1,,,,,,,,,,1,,,,,18,,,,,,,,,,,,2,,,,,,,,,,,,,,,,,,,,,,,,,,,,,,,,,,,,,,,,,,,,,,,,,,3,,,,,,,,,
LC,APR,A,2002,,,,,,,1,,,,,,,,,,,,,,,1,,,,,,,,,,,,,,,,,,,,,,,,,,,,,,,,,,,,,,,,,,,,,,,,2,,,,,12,,,,,,,,,,,,2,,,,,,,,,,,,,,,,,,,,,,,,,,,,,,,,,,,,,,,,,,,,,,,,,,4,,,,,,,,,
LC,APR,A,2003,,,,,,,,,,,,,,,,,,,,,,,,,,,,,,,,,,,,,,,,,,,,,,,,,,,,,,,,,,,,,,,,,,,,,,3,,,,,18,,,,,,,,,,,,10,,,,,,,,,,,,,,,,,,,,,,,,,,,,,,,,1,,,,,,,,,,,,,,,,,,4,,,,,,,,,
LC,APR,B,2002,,,,,,,,,,,,,,,,,,,,,,,,,,,,,,,,,2,,,,,,,,,,,,,,,,,,,,,,,,,1,,,,,,,,,,,,,,,,,9,,,,,,,,,,,,2,,,,,,,1,,,,,,,,,,,,,,,,,,,,,,,,,,,,,,,,,,,,,,,,,,,1,,,,,,,,,
LC,APR,B,2003,,,,,,,,,,,,,,,,,,,,,,,,,,,,,,,,,1,,,,,,,,,,,,,,,,,,,,,,,,1,,,,,,,,,,,,,,,,,,28,,,,,,,,,,,,2,,,,,,,,,,,,,,,,,,,,,,,,,,,,,,,,,,,,,,,,,,,,,,,,,,,,,,,,,,,
LC,APR,B,2002,,,,,,,1,,,1,,,,,,,,,,,,,,,,,,,,,,,1,,,,,,,,,,,,,,,,,,,,,,,,,,,,,,,,,,,,,,,,,,7,,,,,,,,,,,,2,,,,,,,,,,0,,,,,,,,,,,,,,,,,,,,,,,,,,,,,,,,,,,,,,,,3,,,,,,,,,
LC,APR,B,2003,,,,,,,,,,,,,,,,,,,,,,,,,,,,,,,,,,,,,,,,,,,,,,,,,,,,,,,,,,,,,,,,,,,,,,,,,,,24,,,,,,,,,,,,,,,,,,,1,,,,,,,,,,,,,,,,,,,,,,,,,,,,,,,,,,,,,,,,,,,4,,,,,,,,,
LC,APR,B,2002,,,,,,,,,,,,,,,,,,,,,,,,,,,,,,,,,1,,,,,,,,,,,,,,,,,,,,,,,,,,,,,,,,,,,,,1,,,,,7,,,,,,,,,,,,5,,,,,,,,,,,,,,,,,,,,,,,,,,,,,,,,,,,,,,,,,,,,,,,,,,5,,,,,,,,,
LC,APR,B,2003,,,,,,,,,,,,,,,,,,,,,,1,,,,,,,,,,,3,,,,2,,,,,,,,,,1,,,,,,,,,,,,,,,,,,,,,,,,,,,,8,,,,,,,,,,,,,,,,,,,,,,,,,,,,,,,,,,,,,,,,,,,,,,,,,,,,,,,,,,,,,,1,,,,,,,,,
LC,APR,C,2002,,,1,,,,,,,2,,,,4,,,,,,,,,,,,,,,,,,,7,,,,1,,,,,,,,,,,,,,,,,,,3,,1,,,,,,,,,,,,,,,,,33,,,,,,1,,,,,,,,,,,1,,,,,,,1,,,,,,,,1,2,,,2,,,,,,,,,,,,,,,,,,,,,,,2,,,2,,,,,,,,,
LC,APR,C,2003,,,1,,,,,,,,,,2,,,,,,,,,,,,,,,,,,,,2,,,,,,,,,,,,,,,,,,,,,1,,,,,,,,,,,,,,3,,,,,1,,27,,,,,,1,,,,,,,,,,,,,,,,,,,,,,,,,,,1,,,,1,,,,,,,,,,,,,,,,,,1,,,,,,,,,,,,,,,,
LC,APR,C,2002,,,,,,,,,,,,,,1,,,,,,,,,,,,,,,,,,,2,,,,,,,,,,,,,,,,,,,,,1,,3,,,,,,,,,,,,,,,,,1,,26,,,,,,1,,,,,,,,,,,,,1,,,,,,,,,,,1,,,1,,,,,,,,,,,,,,,,,,,,,,2,,,,1,,,,,,,,,,,1,
LC,APR,C,2003,,,,,,,,,,,,,1,1,,,,,,,,,,,,,,,,,,,5,,,,,,,1,,,,,,,,,,,,,,,,1,,,,,,,,,,,,1,,,,,,,16,,,,,,,,,1,,,,,,,,,,,,,,,,,,,,,1,,,3,,,,,1,,,,,,,,,,,1,,,,,,1,,,,,,,,,,,,,,,,
LC,APR,C,2002,,,,,,,,,,,,,,2,,,,,,,,,,,,,,,,,,,3,,,,,,,,,,,,,,,,,1,,,,,,,,,,,,,,,,,,,,,,,,,10,,,,,,,,1,,,,,,,,,,,,,,,,1,,,,,,,,,,,,,,,,,,,,,,,,,1,,,,,1,,,,,,,,,,,,,,,,,
LC,APR,C,2003,,,,,1,,,,,,,,1,,,,1,,,,,,,,,,,,,,,,5,,,,,,,,,,,,,,,,,,,,,,,4,,,,,,,,,,,,3,1,,,,,,23,,,,2,,,,,,,,,,,,,,,2,,,,,,,,,,,,,,1,,1,2,1,,,,,,,,,,,,2,,,,,,,,,,,,,,,,,,1,,,,
LC,APR,D,2002,,,,,,,,,,,,1,,,,,,,,,,,,,,,,,,,,,1,,,,,,,,,,,,,,,,,,,,,,,1,,,,,,,,1,,,,,,,,,,,9,,,,,,1,,,,,,,,,,1,,,2,,,,,,,,,,,,,,,,1,,,,,,,,,,,,,,,,,,,,,1,,,,,,,,,,,,,,,
LC,APR,D,2003,,,,,,,,,,,,10,,,1,,2,,,,,,,,,,,,,,,1,2,,,,,,,,,,,,,,,,,,,,,,,1,,,,,,,,,,,,,,,,,,1,12,,,,,,1,,,,,,,,,,2,,,1,,,,,,,,,13,,,,,1,,,,,,,,,,,,,,,,,,,,,,,,,,,,,,,,,,,,,,
LC,APR,D,2002,,,,,,,,,,,,29,,1,,,,,,,,,,,,,,,,,,,6,,,,,,1,,,,,,,,,,,,,,,,,,,,,,,,,,,,,,,,,,,,24,,,,,,1,,,,,,,,,,,,,,,,,,,,,1,10,,,,,,,,,,,,,,,,,,,,,,,,,,,,,1,,,,,,,,,,,,,,
LC,APR,D,2003,,,,,,,,,,,,8,,,,,,,,,,,,,,,,,,,,1,,,,,,,1,,,,,,,,,,,,,,2,,,,,,,,,,,,,1,,1,,,,,,,18,,,,1,,1,,,2,,,,,1,,,,,,,,,,,,,,6,,,,,,,2,5,,,1,,,,,,,,,,,,,,,,,,,,,,,2,,,,,,,,,
LC,APR,D,2002,,,,,,,,,,1,,,,,,,,,,,,,,,,,,,,,,,1,,,,,,,,,,,,,,,,,,,,,,,,,,,,,,,,,,,,,,,,,,11,,,,,,1,,,4,,,,,,,,,,1,,,,,,,,,9,,,,,,,,,3,,,,,,,,,,,,,,,,,1,,,,,,,,1,,,,,,,,,
LC,APR,D,2003,,,,,,,,,,,,23,,,,,,,,,,,,,,,,,,,,,,,,,,,,,,,,,,,,,,,,,,,,,,,,,,,,,,,,,,,,,,2,17,,,,,,1,,,,,,,,,,,,,2,,,,,,,,,2,,1,,,,,2,1,1,,,,,2,,,,,,,,,,,,,,,,,,,,,,,,,1,,,,
LC,JUL,A,2002,,,,,,,,,,,,,,,,,,,,,,,,,,,,,,,,,,,,,,,,,,,,,,,,,,,,,,,,,,,,,,,,,,,,,,,,,,,9,,,,,,,,,,,,,,,,,,,,,,,,,,,,,,,,,,,,,,,,,,,,,,,,,,,,,,,,,,,,,,2,,,,,,,,,
LC,JUL,A,2003,,,,,,,,,,,,,,,,,,,,,,,,,,,,,,,,,,,,,,,,,,,,,,,,,,,,,,,,,,,,,,,,,,,,,,,,,,,15,,,,,,,,,,,,1,,,,,,,,,,,,,,,,,,,,,,,,,,,,,,,,,,,,,,,,,,,,,,,,,,2,,,,,,,,,
LC,JUL,A,2002,,,,,,,,,,,,,,,,,,,,,,,,,,,,,,,,,,,,,,,,,,,,,,,,,,,,,,,,,,,,,,,,,,,,,,,,,,,10,,,,,,,,,,,,2,,,,,,,,,,0,,,,,,,,,,,,,1,,,,,,,,,,,,,,,,,,,,,,,,,,,6,,,,,,,,,
LC,JUL,A,2003,,,,,,,,,,,,,,,,,,,,,,,,,,,,,,,,,,,,,,,,,,,,,,,,,,,,,,,,,,,,,,,,,,,,,,,,,,,18,,,,,,,,,,,,,,,,,,,,,,,,,,,1,,,,,,,,,,,,,,,,,,,,,,,,,,,,,,,,,,,8,,,,,,,,,
LC,JUL,A,2002,,,,,,,,,,,,,,,,,,,,,,,,,,,,,,,,,,,,,,,,,,,,,,,,,,,,,,,,,,,,,,,,,,,,,,,,,,,6,,,,,,,,,,,,,,,,,,,,,,,,,,,,,,,,,,,,,,,,,,,,,,,,,,,,,,,,,,,,,,3,,,,,,,,,
LC,JUL,A,2003,,,,,,,,,,,,,,,,,,,,,,,,,,,,,,,,,,,,,,,,,,,,,,,,,,,,,,1,,,,,,,,,,,,,,,,1,,,,,28,,,,,,,,,,,,1,,,,,,,,,,,,,,,,,,,,,,,,,,,,,,,,,,,,,,,,,,,,,,,,,,6,,,,,,,,,
LC,JUL,B,2002,,,,,,,,,,,,,,,,,,,,,,,,,,,,,,,,,4,,,,,,,,,,,,,,,,,,,,,1,,,,,,,,,,,,,,,,,,,,,8,,,,,,,,,,,,,,,,,,,,,,,,,,,,,,,,,,,,,,,,,,,,,,,,,,,,,,,,,,,,,,,,,,,,,,,
LC,JUL,B,2003,,,,,,,,,,,,,,,,,,,,,,,,,,,,,,,,,1,,,,,,,,,,,,,,,,,,,,,,,,,,,,,,,,,,,,,,,,,,9,,,,,,,,,,,,,,,,,,,,,,,,,,,,,,,,,,,,,,,,,,,,,,,,,,,,,,,,,,,,,,7,,,,,,,,,
LC,JUL,B,2002,,,,,,,,,,,,,,,,,,,,,,,,,,,,,,,,,2,,,,,,,,,,,,,,,,,,,,,,,,,,,,,,,,,,,,,,,,,,12,,,,,,,,,,,,,,,,,,,,,,,,,,,,,,,,,,,,,,,,,,,,,,,,,,,,,,,,,,,,,,4,,,,,,,,,
LC,JUL,B,2003,,,,,,,,,,,,,,,,,,,,,,,,,,,,,,,,,2,,,,,,,,,,,,,,,,,,,,,,,,,,,,,,,,,,,,,,,,,,10,,,,,,,,,,,,,,,,,,,,,,,,,,,,,,,,,,,,,,,,,,,,,,,,,,,,,,,,,,,,,,2,,,,,,,,,
LC,JUL,B,2002,,,,,,,,,,,,,,,,,,,,,,,,,,,,,,,,,,,,,,,,,,,,,,,,,,,,,,,,,,,,,,,,,,,,,,,,,,,6,,,,,,,,,,,,,,,,,,,,,,,,,,,,,,,,,,,,,,,,,,,,,,,,,,,,,,,,,,,,,,1,,,,,,,,,
LC,JUL,B,2003,,,,,,,,,,,,,,,,,,,,,,,,,,,,,,,,,2,,,,,,,,,,,,,,,,,,,,,1,,,,,,,,,,,,,,,,,,,,,6,,,,,,,,,,,,,,,,,,1,,,,,,,,,,,,,,,,,,,,,,,,,,,,,,,,,,,,,,,,,,,,2,,,,,,,,,
LC,JUL,C,2002,,,,,,,1,,,,,,,1,,,,,,,,,,,,,,,,,,,4,,,,,,,,,,,,,1,,,,,,,,1,,1,,,,,,,,,,2,,1,,,,,1,1,11,,,,1,,2,,,,,,,,,,,,,1,,,,,,,,,,,,,,,,,,,,,,,,,,,,,,1,,,,,,,,,,,,,,,,,,3,,,,
LC,JUL,C,2003,,,,,,,,,,,,,1,1,,,,,,,,,,,,,,,,,,,10,,,,,,,,,,,,,,,,,,,,,,,,,,,,,,,,,,,2,,,,,,,8,,,,,,,,,,,,,,,,,,,,,,,,,,,,,,,,,,,,,,,,,,,,,,,,,1,,,,,,1,,,,,,,,,,,,,,,,
LC,JUL,C,2002,,,,,,,1,,,,,,,4,,,,,,,,,,1,,,,,,1,,,4,,,,,,,,,,,,,,,,,,,,,,,,,,,,,,,,,,,,,,,,,1,13,,,,,,2,,,,,,,,,,,,,1,,,,,,,,,,,,,,2,,,,2,,,,,,,,,,,,,1,,,,,1,,,,,,,,,,,,2,,,,
LC,JUL,C,2003,,,,,,,,,,1,,,,3,,,,,,,,,,,,,,,,,,,2,,,,,,1,,,,,,,,,,,,,,,1,,,,,,,,,,,,,,1,,,,,,,13,,,,,,1,,,1,,,,,,,,,,,,,,,,,,,,,,,,9,,,5,,,,,,,,,,,,,,,,,,,1,,,,,,,,,,,,,,,,
LC,JUL,C,2002,,,,,,,,,,,,,2,1,,,,,,,,,,,,,,,,,,,12,,,,,,,,,,,,,,,,,,,,,,,1,,,,,,,,,,,,1,,,,,,1,14,,,,,,2,,,,,,,,,,,,,,,,,,,,,,,,,,,,,,,,1,,,,,,,,,,,,,,,,,,,1,,,,,,,,,,10,,,,
LC,JUL,C,2003,,,,,,,,,,,,,2,,,,,,,,,,,,,,,,,,,,4,,,,,,,,,,,,,1,,,,,,,,,,,,,,,,,,,,,,3,,,,,,,7,,,,,,,,,,,,,,,,,,,,,,,,,,,,,,,,,3,,,,,,,,,,,,,,,,1,,,,,1,1,,,,,,,,,,,,,,1,,
LC,JUL,D,2002,,,,,,,,,,,,13,,,,,,,,1,,,,,,,,,,,,,2,,,,,,,,,,,,,,,,,,,,,,,,,,,,,,,,1,1,,,,,,,,,6,,,,,,1,,,,,,,,,,,,,1,,,,,,,,,7,,,,,,,,,,,,,,,,,,,,,,,,,,,,1,,,,,,,,,,,,,,,
LC,JUL,D,2003,,,,,,,,,,,,,,,,,,,,,,,,,,,,,,,,,,,,,,,,,,,,,,,,,,,,,,,,,,,,,,,,2,,,,,,,,,,,5,,,,,,1,,,1,,,,,,,,,,1,,,,,,,,,1,,,,,,,1,,,,,,,,,,,,,,,,,,,,,,,,,,,,,,,,,,,,
LC,JUL,D,2002,,,,,,,,,,,,28,,,,,,,,,,,,,,,,,,,,4,,,,,,,4,,,,,,,,,,,,,,,,,1,,,,,,,,2,,1,,,,,,,,,6,,,,,,2,,,,,,,,,,1,,,3,,,,,1,,,,9,,,,,1,,,1,,,,,,,,,,,,,,,,,,,,,1,,,,,,,,,,1,,,,
LC,JUL,D,2003,,,,,,,,,,,,,,,,,,,,,,,,,,,,,,,,,,,,,,,,,,,,,,,,,,,,,,,,,,,,,,,,,,,,,,,,,,,9,,,,,,,,,,,,,,,,,,,6,,,,,,,,,1,,,,,1,,,,,,,,,,,,,,,,,,,,,,,,,,,,,,,,,,,,,,
LC,JUL,D,2002,,,,,,,,,,,,13,,,,,,,,,,,,,,,,,,,,1,3,,,,,,,,,,,,,,,,,,,,,,,,,,,,,,,1,,,,1,,,,,,1,9,,,,,,1,,,,,,,,,,,,,3,,,,,,,,,9,,,,,1,,,,2,,,,,,,,,,,,,,,,,,,,,,,,,,,,,,1,,,,
LC,JUL,D,2003,,,,,,,,,,,,,,,,,,,,,,,,,,,,,,,,,1,,,,,,,,,,,,,,,,,,,,,,,,,,,,,,,,,,,,,,,,,,6,,,,,,1,,,5,,,,,2,,,2,,,,,,,,,,,7,,,,,,,,,,,,,,,,,,,,,,,,,,,,,,,,,,,,,,,,,,,
LC,OCT,A,2002,,,,,,,,,,,,,,,,,,,,,,,,,,,,,,,,,,,,,,,,,,,,,,,,,,,,,,,,,,,,,,,,,,,,,,,,,,,6,,,,,,,,,,,,,,,,,,,,,,,,,,,,,,,,,,,,,,,,,,,,,,,,,,,,,,,,,,,,,,2,,,,,,,,,
LC,OCT,A,2003,,,,,,,,,,,,,,,,,,,,,,,,,,,,,,,,,,,,,,,,,,,,,,,,,,,,,,,,,,,,,,,,,,,,,,,,,,,3,,,,,,,,,,,,,,,,,,,,,,,,,,,,,,,,,,,,,,,,,,,,,,,,,,,,,,,,,,,,,,,,,,,,,,,
LC,OCT,A,2002,,,,,,,,,,,,,,,,,,,,,,,,,,,,,,,,,,,,,,,,,,,,,,,,,,,,,,,,,,,,,,,,,,,,,,,,,,,6,,,,,,,,,,,,,,,,,,,3,,,,,,,,,,,,,,,,,,,,,,,,,,,,,,,,,,,,,,,,,,,1,,,,,,,,,
LC,OCT,A,2003,,,,,,,,,,,,,,,,,,,,,,,,,,,,,,,,,,,,,,,,,,,,,,,,,,,,,,,,,,,,,,,,,,,,,,,,,,,7,,,,,,,,,,,,,,,,,,,1,,,,,,,,,1,,,,,,,,,,,,,,,,,,,,,,,,,,,,,,,,,,2,,,,,,,,,
LC,OCT,A,2002,,,,,,,,,,,,,,,,,,,,,,,,,,,,,,,,,,,,,,,,,,,,,,,,,,,,,,,,,,,,,,,,,,,,,,,,,,,7,,,,,,,,,,,,,,,,,,,,,,,,,,,,,,,,,,,,,,,,,,,,,,,,,,,,,,,,,,,,,,3,,,,,,,,,
LC,OCT,A,2003,,,,,,,,,,,,,,,,,,,,,,,,,,,,,,,,,,,,,,,,,,,,,,,,,,,,,,,,,,,,,,,,,,,,,,,,,,,4,,,,,,,,,,,,,,,,,,,,,,,,,,,,,,,,,,,,,,,,,,,,,,,,,,,,,,,,,,,,,,4,,,,,,,,,
LC,OCT,B,2002,,,,,,,,,,,,,,,,,,,,,,,,,,,,,,,,,2,,,,,,,,,,,,,,,,,,,,,,,,,,,,,,,,,,,,,,,,,,5,,,,,,,,,,,,,,,,,,,1,,,,,,,,,,,,,,,,,,,,,,,,,,,,,,,,,,,,,,,,,,,1,,,,,1,,,,
LC,OCT,B,2003,,1,,,,,,,,,,,,,,,,,,,,,,,,,,,,,,,,,,,,,,,,,,,,,,,,,,,,,,1,,,,,,,,,,,,,,,,,,,3,,,,,,,,,,,,,,,,,,,1,,,,,,,,,,,,,,,,,,,,,,,,,,,,,,,,,,,,,,,,,,,1,,,,,,,,,
LC,OCT,B,2002,,,,,,,,,,,,,,,,,,,,,,,,,,,,,,,,,,,,,,,,,,,,,,,,,,,,,,,,,,,,,,,,,,,,,,,,,,,6,,,,,,,,,,,,,,,,,,,1,,,,,,,,,,,,,,,,,,,,,,,,,,,,,,,,,,,,,,,,,,,1,,,,,,,,,
LC,OCT,B,2003,,,,,,,,,,,,,,,,,,,,,,,,,,,,,,,,,1,,,,,,,,,,,,,,,,,,,,,,,,,,,,,,,,,,,,,,,,,,2,,,,,,,,,,,,,,,,,,,2,,,,,,,,,,,,,,,,,,,,,,,,,,,,,,,,,,,,,,,,,,,,,,,,,,,,
LC,OCT,B,2002,,,,,,,,,,,,,,,,,,,,,,,,,,,,,,,,,,,,,,,,,,,,,,,,,,,,,,,,,,,,,,,,,,,,,,,,,,,5,,,,,,,,,,,,,,,,,,,1,,,,,,,,,,,,,,,,,,,,,,,,,,,,,,,,,,,,,,,,,,,1,,,,,,,,,
LC,OCT,B,2003,,,,,,,,,,,,,,,,,,,,,,,,,,,,,,,,,4,,,,,,,,,,,,,,,,,,,,,,,,,,,,,,,,,,,,,,,,,,5,,,,,,,,,,,,,,,,,,,2,,,,,,,,,,,,,,,,,,,,,,,,,,,,,,,,,,,,,,,,,,,1,,,,,,,,,
LC,OCT,C,2002,,,,,,,,,,,,,4,2,,,,,,,,,,,,,,,,,,,3,,,,,,,,,,,,,,,,,,,,,,,,,,,,,,,,,,,3,,,,,,,8,,,,,,1,,,,,,,,,,,,,1,,,,,,,,,,,,,,7,,1,,3,,,,,,,,,,,,,,,,,,,,,,,,,,,,,,,,,,
LC,OCT,C,2003,,,,,,,,,,1,,,,,,,,,,,,,,,,,,,,,,,3,,,,,,,,,,,,,,,,,,,,,,,,,,,,,,,,,,,1,,,,,,,11,,,,,,,,,,,,,,,,,,,,,,,,1,,,,,,,,,2,,,1,,,,,,,,,,,,,,,,,,,,,2,,,,,1,,,,,,,,,
LC,OCT,C,2002,,,,,,,,1,,,,,1,2,,,,,,,,,,,,,,,,,,,,,,,,,,,,,,,,,,,,,,,,,,,,,,,,,,,,,,,,,,,,,7,,,,,,1,,,,,,,,,,,,,1,,,,,,,,,,,,,,2,,,,,3,,,,,,,,,,,1,,,,,,1,,,,,,,2,,,,,,,,,
LC,OCT,C,2003,,,,,,,,,,,,,1,3,,,,,,,,,,,1,,,,,,,,2,,,,,,,,,,,,,,,,,,,,,,,,,,,,,,,,,3,,,,,,,,,13,,,,1,,1,,,,,,,,,,,,,1,,,,,,,,,,,,,,9,,1,,,,,,,,,,,,,,,,,,,,,,,,,,,3,,,,,1,,,,
LC,OCT,C,2002,,,,,,,,,,,,,3,,,,,,,,,,,,,,,,,,,,2,,,,,,,,,,,,,,,,,,,,,,,,,,,,,,,,,1,,,,,,,1,,15,,,,,,,,,,,,,,,,,,,1,,,,,,,,,,,,,,1,,,1,1,,,,,,,,,,,,,,,,,,1,,,,,,,1,,,,,1,,,,
LC,OCT,C,2003,,,,,,,,,,,,,,2,,,,,,,,,,,,,,,,,,,5,,,,,,,,,,,,,,,,,,,,,,,,,,,,,,,,,,,,,,,,,,2,,,,,,1,,,,,,,,,,,,,1,,,,,,,,,,,,,,,,,,1,,,,,,,,,,,,,,,,,,1,,,,,,,,,,,,1,,,1,
LC,OCT,D,2002,,,,,,,,,,,,5,,1,,,,,,,,,,,,,,,,,,,,,,,,,,,,,,,,,,,,,,,,,,,,,,,,,,,,,,1,,,,,,,6,,,,,,,,,,,,,,,,,,,1,,,,,,,,,7,,,,,,,,,,,,,,,,,,,,,,,,,,,,,1,,,,,,,,,,,1,,,
LC,OCT,D,2003,,,,,,,,,,,,,,,,,,,,,,,,,,,,,,,,,,,,,,,,,,,,,,,,,,,,,,,,,,,,,,,,,,,,,,,,,,,4,,,,,,,,,,,,,,,,,,,2,,,,,,,,,,,,,,,,,,,,,,,,,,,,,,,,,,1,,,,,,,,,,,,,,,,,,
LC,OCT,D,2002,,,,,,,,,,,,1,,,,,,,,,,,,,,,,,,,,1,1,,,,,,,,,,,,,,,,,,,,,,,1,,,,,,,,,,,,,,,,,,,10,,,,,,1,,,2,,,,,,,,,,,,,,,,,,,17,,,,,,,1,,10,,,,,,,,,,,,,,,,,,,,1,,,,,,,,,,,,,,
LC,OCT,D,2003,,,,,,,,,,,,1,,,,,,,,,,,,,,,,,,,,,,,,,,,,,,,,,,,,,,,,,,,,,,,,,,,,,,1,,,,,,,,,2,,,,,,1,,,,,,,,,,,,,,,,0,,,,,,,,,,,,,,,,,,,,,,,,,,,,,,,,,,,,,,,,,,,,,,,,,
LC,OCT,D,2002,,,,,,,,,,,,,,,,,,,,,,,,,,,,,,,,,1,,,,,,,,,,,,,,,,,,,,,,,,,,,,,,,,,,,,,,,,,,,,,,,,1,,,,,,,,,,,,,,,,,,,,,,1,,,,,,,,,,,,,,,,,,,,,,,,,,,,,,,,,,,,,,,,,,,
LC,OCT,D,2003,,,,,,,,,,,,,,,,,,,,,,,,,,,,,,,,,,,,,,,,,,,,,,,,,,,,,,,,1,,,,,,,,,,,,,,,,,,,12,,,,,,,,,,,,,,,,,,,1,,,,,,,,,,,,,,1,,,,,,,,,,,,,,,,,,,,,,,,,,,,,,,,,,,,,,
RG,JAN,A,2002,,,,,,,,,,,,,,,,,,,,,,,,,,,,5,,,,,,,,,,,,,,,,,,,,,,,,,,,,,,,,,,,,,,,,,,,,,,,1,,,,,,,,,,,,,,,,,,,2,,1,,,,,,,4,,,,,,,,,,,,,,,,,,,,,,,,,,,,,,,,,,12,,,,,,,,,
RG,JAN,A,2003,,,,,,,,,,,,,,,,,,,,,,,,,,1,,35,,,,,,,,,,,,,,,,,,,,,,,,,,,,,,,,,,,,,,,,,,,,,,,,,,,,,,,,,,,,,,,,,,1,,,0,,,,,,,,,,,,,,,,,,,,,,,,,,,,,,,,,,,,,,,,,,,,,,,,,
RG,JAN,A,2002,,,,,,,,,,,,,,,,,,,,,,,,,,,,5,,,,,,,,,,,,,,,,,,,,,,,,,,,,,,,,,,,1,,,,,,,,,,,,,,,,,,,,,,,,,,,,,,,,,,,,,,,,5,,,,,,,,,,,,,,,,,,,,,,,,,,,,,,,,,,4,,,,,,,,,
RG,JAN,A,2003,,,,,,,,,,,,,,,,,,,,,,,,,,,,38,,,,,,,,,,,,,,,,,,,,,,,,,,,,,,,,,,,,,,,,,,,,,,,,,,,,,,,,,,,,,,,,,,,,,0,,,,,,,,,,,,,,,,,,,,,,,,,,,,,,,,,,,,,,,,,,,,,,,,,
RG,JAN,A,2002,,,,,,,,,,,,,,,,,,,,,,,,,,,,,,,,,,,,,,,,,,,,,,,,,,,,,,,,,,,,,,,,,,,,,,,,,,,,,,,,,,,,,,,,,,,,,,2,,,0,,,,,,,,,,,,,,,,,,,,,,,,,,,,,,,,,,,,,,,,2,,,,,,,,,
RG,JAN,A,2003,,,,,,,,,,,,,,,,,,,,,,,,,,5,,16,,,,,,,,,,,,,,,,,,,,,,,,,,,,,,,,,,,,,,,,,,,,,,,,,,,,,,,,,,,,,,,,,,1,,,0,,,,,,,,,,,,,,,,,,,,,,,,,,,,,,,,,,,,,,,,,,,,,,,,,
RG,JAN,B,2003,,,,,,,,,,,,,,,,,,,,,,,,,,1,,6,,,,,,,,,,,,,,,,,,,,,,,,,,,,,,,,,,,,,,,,,,,,,,,,,,,,,,,,,,,,,,,,,,,,,0,,,,,,,,,,,,,,,,,,,,,,,,,,,,,,,,,,,,,,,,,,,,,,,,,
RG,JAN,B,2003,,,,,,,,,,,,,,,,,,,,,,,,,,,,12,,,,,,,,,,,,,,,,,,,,,,,,,,,,,,,,,,,,,,,,,,,,,,,,,,,,,,,,,,,,,,,,,,,,,0,,,,,,,,,,,,,,,,,,,,,,,,,,,,,,,,,,,,,,,,,,,,,,,,,
RG,JAN,B,2003,,,,,,,,,,,,,,,,,,,,,,,,,,,,3,,,,,,,,,,,,,,,,,,,,,,,,,,,,,,,,,,,,,,,,,,,,,,,,,,,,,,,,,,,,,,,,,,,,,0,,,,,,,,,,,,,,,,,,,,,,,,,,,,,,,,,,,,,,,,1,,,,,,,,,
RG,JAN,C,2002,,,,,,,,,,,,,,,,,,,,,,,,,,,,61,,,,,,,,,,,,,,,,,,,,,,,,,,,,,,,,,,,2,,,,,,,,,,,,26,,,,,,,,,,,,,,,,,,,2,,,,,,,,,4,,,,,,,,,,,,,,,,,,,,,,,,,,,,,,,,,,1,,,,,,,,,
RG,JAN,C,2003,,,,,,,,,,,,,,,,,,,,,,,,,,,,,,,,,,,,,,,,,,,,,,,,,,,,,,,,,,,,,,,,,,,,,,,,,,,1,,,,,,,,,,,,,,,,,,,,,,0,,,,,,,,,,,,,,,,,,,,,,,3,,,,,,,,,,,,,,,,,1,,,,,,,,,
RG,JAN,C,2002,,,,,,,,,,,,,,,,,,,,,,,,,,1,,36,,,,,,,,,,,,,,,,,,,,,,,,,,,,,,,,,,,,,,,,,,,,,,,24,,,,,,,,,,,,,,,,,,,3,,,,,,,,,,,,,,,,,,,,,,,,,,,,,,,,,,,,,,,,,,,2,,,,,,,,,
RG,JAN,C,2003,,,,,,,,,,,,,,,,,,,,,,,,,,,,,,,,,,,,,,,,,,,,,,,,,,,,,,,,,,,,,,,,,,,,,,,,,,,,,,,,,,,,,,,,,,,,,,,,,,,,,,,,,,,,,,,,,,,,,,,,3,,1,,,,,,,,,,,,,,,,,,,,,,,,
RG,JAN,C,2002,,,,,,,,,,,1,,,,,,,,,,,,,,,,,11,,,,,,,,,,,,,,,,,,,,,,,,,,,,,,,,,,,3,,,,,,,,,,,,8,,,,,,,,,,,,,,,,,,,,,,,,,,,,,,,,,,,,,,,,,,,,,,,,,,,,,,,,,,,,,,,,,,,,,,,
RG,JAN,C,2003,,,,,,,,,,,,,,,,,,,,,,,,,,,,,,,,,,,,,,,,,,,,,,,,,,,,,,,,,,,,,,,,,,,,,,,,,,,,,,,,,,,,,,,,,,,,,,,,,0,,,,,,,,,,,,,,,,,,,,,,,1,,,,,,,,,,,,,,,,,,,,,,,,,,
RG,JAN,D,2003,,,,,,,,,,,,,,,,,,,,,,,,,,,,,,,,,,,,,,,,,,,,,,,,,,,,,,,,,,,,,,,,,,,,,,,,,,,,,,,,,,,,,,,,,,,,,,,,,0,,,,,,,,,,,,,,,,,,,,,,,,,,,,,,,,,,,,,,,,,,,,,,,,,
RG,JAN,D,2003,,,,,,,,,,,,,,,,,,,,,,,,,,,,,,,,,,,,,,,,,,,,,,,,,,,,,,,,,,,,,,,1,,,,,,,,,,,,,,,,,,,,,,,,,,,,,,,1,,,,,,,,,,,,,,,,,,,,,,,,,,,,,,,,,,,,,,,,,,,,,,,,,,,,
RG,JAN,D,2003,,,,,,,,,,,,,,,,,,,,,,,,,,,,,,,,,,,,,,,,,,,,,,,,,,,,,,,,,,,,,,,,,,,,,,,,,,,,,,,,,,,,,,,,,,,,,,,,,0,,,,,,,,,,,,,,,,,,,,,,,,,,,,,,,,,,,,,,,,1,,,,,,,,,
RG,JAN,E,2003,,,,,,,,,,,,,,,,,,,,,,,,,,,,,,,,,,,,,,,,,,,,,,,,,,,,,,,,,,,,,,,,,,,,,,,,,,,1,,,,,,,,,,,,,,,,,,,,,,,,,,,,,,,,,,,,,,,,,,,,5,,,,,,,,,,,,,,,,,,2,,,,,,,,,
RG,JAN,E,2003,,,,,,,,,,,,,,,,,,,,,,,,,,,,,,,,,,,,,,,,,,,,,,,,,,,,,,,,,,,,,,,,,,,,,,,,,,,,,,,,,,,,,,,,,,,,,,,,1,0,,,,,,,,,,,,,,,,,,,,,,4,,,,,,,,,,,,,,,,,,3,,,,,,,,,
RG,JAN,E,2003,,,,,,,,,,,,,,,,,,,,,,,,,,,,,,,,,,,,,,,,,,,,,,,,,,,,,,,,,,,,,,,,,,,,,,,,,,,,,,,,,,,,,,,,,,,,,,1,,,0,,,,,,,,,,,,,,,,,,,,,,,,,,,,,,,,,,,,,,,,,,,,,,,,,
RG,APR,A,2002,,,,,,,,,,,,,,,,,,,,,,,,,,,,20,,,,,,,,,,,,,,,,,,,,,,,,,,,,,,,,,,,,,,,,,,,,,,,8,,,,,,,,,,,,,,,,,,,1,,3,,,,,,,,,,,,,,,,,,,,,,,,,,,,,,,,,,,,,,,,,,,,,,,,,,
RG,APR,A,2003,,,,,,,,,,,,,,,,,,,,,,,,,,1,,104,,,,,,,,,,,,,,,,,,,,,,,,,,,,,,,,,,,,,,,,,,,,,,,,,,,,,,,,,,,,,,,,,,,,,0,,,,,,,,,,,,,,,,,,,,,,9,,,,,,,,,,,,,,,,,,,,,,,,,,,
RG,APR,A,2002,1,,,,,,,,,,,,,,,,,,,,,,,,,3,,100,,,,,,,,,,,,,,,,,,,,,,,,,,,,,,,,,,,,,,,,,,,,,,,6,,,,,,,,,,,,,,,,,,,1,,1,,,,,,,,,,,,,,,,,,,,,,,,,,,,,,,,,,,,,,,,,,,,,,,,,,
RG,APR,A,2003,,,,,,,,,,,,,,,,,,,,,,,,,,,,103,,,,,,,,,,,,,,,,,,,,,,,,,,,,,,,,,,,1,,,,,,,,,,,,,,,,,,,,,,,,,,,,,,,2,,,,,,,,,1,,,,,,,,,,,,,,,,2,,,,,,,,,,,,,,,,,,,,,,,,,,,
RG,APR,A,2002,,,,,,,,,,,,,,,,,,,,,,,,,,1,,56,,,,,,,,,,,,,,,,,,,,,,,,,,,,,,,,,,,,,,,,,,,,,,,9,,,,,,,,,,,,,,,,,,,1,,,0,,,,,,,,,,,,,,,,,,,,,,,,,,,,,,,,,,,,,,,,,,,,,,,,,
RG,APR,A,2003,,,,,,,,,,,,,,,,,,,,,,,,,,2,,150,,,,,,,,,,,,,,,,,,,,,,,,,,,,,,,,,,,,,,,,,,,,,,,,,,,,,,,,,,,,,,,,,,,,,0,,,,,,2,1,,,,,,,,,,,,,,,10,,,,,,,,,,,,,,,,,,1,,,,,,,,,
RG,APR,B,2002,,,,,,,,,,,,,,,,,,,,,,,,,,,,148,,,,,,,,,,,,,,,,,,,,,,,,,,,,,,,,,,,,,,,,,,,,,,,37,,,,,,,,,,,,,,,,,,,4,,,,,,,,,,,,,,,,,,,,,,,,,,,,,,,,,,,,,,,,,,,2,,,,,,,,,
RG,APR,B,2003,,,,,,,,,,,,,,,,,,,,,,,,,,1,,49,,,,,,,,,,,,,,,,,,,,,,,,,,,,,,,,,,,,,,,,,,,,,,,,,,,,,,,,,,,,,,,,,,,,,0,,,,,,,,,,,,,,,,,,,,,,,,,,,,,,,,,,,,,,,,3,,,,,,,,,
RG,APR,B,2002,,,,,,,,,,,,,,,,,,,,,,,,,,,,170,,,,,,,,,,,,,,,,,,,,,,,,,,,,,,,,,,,,,,,,,,,,,,,30,,,,,,,,,,,,,,,,,,,2,,,,,,,,,,,,,,,,,,,,,,,,,,,,,,,,,,,,,,,,,,,,,,,,,,,,
RG,APR,B,2003,,,,,,,,,,,,,,,,,,,,,,,,,,,,36,,,,,,,,,,,,,,,,,,,,,,,,,,,,,,,,,,,,,,,,,,,,,,,,,,,,,,,,,,,,,,,,,,,,,0,,,,,,,1,,,,,,,,,,,,,,,,,,,,,,,,,,,,,,,,,2,,,,,,,,,
RG,APR,B,2002,,,,,,,,,,,,,,,,,,,,,,,,,,1,,101,,,,,,,,,,,,,,,,,,,,,,,,,,,,,,,,,,,1,,,,,,,,,,,,31,,,,,,,,,,,,,,,,,,,2,,3,,,,,,,2,,,,,,,,,,,,,,,,,,,,,,,,,,,,,,,,,,1,,,,,,,,,
RG,APR,B,2003,,,,,,,,,,,,,,,,,,,,,,,,,,,,46,,,,,,,,,,,,,,,,,,,,,,,,,,,,,,,,,,,,,,,,,,,,,,,,,,,,,,,,,,,,,,,,,,,,,,,,,,,,,,,,,,,,,,,,,,,1,,,,,,,,,,,,,,,,,,,,,,,,,,,
RG,APR,C,2002,,,,,,1,,,,,,,,,,,,,,,,,,,,,,10,,,,,,,,,,,,,,,,,,,,,,,,,,,,,,,,,,,,,,,,,,,,,,,6,,,,,,,,,,,,,,,,,,,,,,,,,,,,5,,,,,,,,,,,,,,,,,,,,,,,,,,,,,,,,,,10,,,,,,,,,
RG,APR,C,2003,,,,,,,,,,,,,,,,,,,,,,,,,,1,,6,,,,,,,,,,,,,,,,,,,,,,,,,,,,,,,,,1,,1,,,,,,,,,,,,2,,,,,,,,,,,,,,,,,,,1,,,,,,,,,1,,,,,,,,,,,,,,,,2,,,,,,,,,,,,,,,,,,9,,,,,,,,,
RG,APR,C,2002,,,,,,2,,,,,,,,,,,,,,,,,,,,1,,17,,,,,,,,,,,,,,,,,,,,,,,,,,,,,,,,,,,,,,,,,,,,,,,2,,,,,,,,,,,,,,,,,,,2,,,,,,,,,2,,,,,,,,,,,,,,,,,,,,,,,,,,,,,,,,,,1,,,,,,,,,
RG,APR,C,2003,,,,,,,,,,,,,,,,,,,,,,,,,,,,2,,,,,,,,,,,,,,,,,,,,,,,,,,,,,,,,,1,,,,,,,,,,,,,,3,,,,,,,,,,,,,,,,,,,2,,,,,,,,,2,,,,,,,,,,,,,,,,2,,,,,,,,,,,,,,,,,,19,,,,,,,,,
RG,APR,C,2002,,,,,,,,,,,,,,,,,,,,,,,,,,,,12,,,,,,,,,,,,,,,,,,,,,,,,,,,,,,,,,,,,,,,,,,,,,,,,,,,,,,,,,,,,,,,,,,,,,,,,,,,2,,,,,,,,,,,,,,,,,,,,,,,,,,,,,,,,,,5,,,,,,,,,
RG,APR,C,2003,,,,,,,,,,,,,,,,,,,,,,,,,,,,1,,,,,,,,,,,,,,,,,,,,,,,,,,,,,,,,,,,1,,,,,,,,,,,,2,,,,,,,,,,,,,,,,,,,,,,,,,,,,1,,,,,,,,,,,,,,,,1,,,,,,,,,,,,,,,,,,12,,,,,,,,,
RG,APR,D,2003,,,,,,,,,,,4,,,,,,,,,,,,,,,4,,10,,,,,,,,,,,,,,,,,,,,,,,2,,,,,,,,,,,,12,,,,,,,,,,,,1,,,,,,,,,,,,,,,,,,,10,,10,,,,,,,29,,,,,,,,,,,,,,,,55,,,,,,1,,,,,,,,,,,,72,,,,,,,,,
RG,APR,D,2003,,,,,,,,,,,,,,,,,,,,,,,,,,,,9,,,,,,,,,,,,,,,,,,,,,,,,,,,,,,,,,,1,22,,,,,,,,,,,,3,,,,,,,,,,,,,,,,,,,4,,6,,,,,,,34,,,,,,,,,,,,,,,,26,,,,,,,,,,,,,,,,,,59,,,,1,,,,,
RG,APR,D,2003,,,,,,,,,,,2,,,,,,,,,,,,1,,,2,,7,,,,,,,,,,,,,,,,,,,,,,,,,,,,,,,,,,,17,,,,,,,,,,,,4,,,,,,,,,,,,1,,,,,,,7,,1,,,,,2,,15,,,,,,,,,,,,,,,,24,,,,,,,,,,,,,,,,,,47,,,,,,,,,
RG,APR,E,2003,,,,,,,,,,,,,,,,,,,,,,,,,,,,,,,,,,,,,,,,,,,,,,,,,,,,,,,,,,,,,,,2,,,,,,,,,,,,1,,,,,,,,,,,,,,,,,,,2,,,,,,,,,5,,,,,,,,,,,,,,,,,,,,,,,,,,,,,,,,,,28,,,,1,,,,,
RG,APR,E,2003,,,,,,,,,,,,,,,,,,,,,,,,,,,,,,,,,,,,,,,,,,,,,,,,,,,,,,,,,,,,,,,1,,,,,,,,,,,,3,,,,,,,,,,,,1,,,,,,,,,,,,,,,,,,,,,,,,,,,,,,,,,,,,,,,,,,,,,,,,,,23,1,,,,,,,,
RG,APR,E,2003,,,,,,,,,,,,,,,,,,,,,,,,,,2,,,,,,,,,,,,,,,,,,,,,,,,,,,,,,,,,,,,,1,,,,,,,,,,,,1,,,,,,,,,,,,,,,,,,,3,,2,,,,,,,,,,,,,,,,,,,,,,,,,2,,,,,1,,,,,,,,,,,17,,,,,,,,,
RG,JUL,A,2002,,,,,,,,,,,,,,,,,,,,,,,,,,4,,88,,,,,,,,1,,,,,,,,,,,,,,,,,,,,,,,,,,,,,,,,,,,,,,,,,,,,,,,,,,,,,,,,,,,,,0,,,,,,21,,,,,,,,,,,,,,,,,,,,,,,,,,,,,,,,,,,,,,,,,,,
RG,JUL,A,2003,,,,,,,,,,,,,,,,,2,8,,,,,,,,6,,4,,,,,,,,,,,,,,,,,,,,,,,,,,,,,,,,,,,2,,,,,,,,,,,,1,,,,,,,,,,,,4,,,,,,,1,,,,,,,,,,4,,,,,,,,,,,,,,,,,,,,,,,,,,,,,,,,,4,,,,,,,,,
RG,JUL,A,2002,,,,,,,,,,,,,,,,,,,,,,,,,,2,,97,,,,,,,,,,,,1,,,,,,,,,,,,,,,,,,,,,,3,,,,,,,,,,,,,1,,,,,,,,,,,,,,,,,,,,,,,,,,,,82,,,,,,,,,,,,,,,,,,,,,,,,,,,,,,,,,,,,,,,,,,,
RG,JUL,A,2003,,,,,,,,,,,,,,,,,,5,,,,,,,,7,,4,,,,,,,,,,,,,,,,,,,,,,,,,,,,,,,,,,,,,,,,,,,,,,,,,,,,,,,,,,,2,,,,,,,,,,0,,,,,,,,,,,,,,,,,,,,,,,,,,,,,,,,,,,,,,,,,,,,,,,,,
RG,JUL,A,2002,,,,,,,,,,,,,,,,,2,,,,,,,,,,,104,,,,,,,,,,,,1,,,,,,,,,,,,,,,,,,,,,,,,,,,,,,,,,,,,,,,,,,,,,,,,,,,,,,,,,,,,,,,45,,,,,,,,,,,,,,,,,,,,,,,,,,,,,,,,,,,,,,,,,,,
RG,JUL,A,2003,,,,,,,,,,,,,,,,,2,12,,,,,,,,11,,2,,,,,,,,,,,,,,,,,,,,,,,,,,,,,,,,,,,2,,,,,,,,,,,,1,,,,,,,,,,,,,,,,,,,2,,,0,,,,,,,3,,,,,,,,,,,,,,,,,,,,,,,,,,,,,,,,,1,,,,,,,,,
RG,JUL,B,2002,,,,,,,,,,,,,,,,,,,,,,,,,,,,146,,,,,,,,,,,,,,,,,,,,,,,,,,,,,,,,,,6,,,,,,,,,,,,,,,,,,,,,,,,,,,,,,,,3,,,,,,,,,35,,,,,,,,,,,,,,,,,,,,,,,,,,,,,,,,,,,,,,,,,,,
RG,JUL,B,2003,,,,,,,,,,,53,,,,,,1,10,,,,,,,,2,,15,,,,,,,,,,,,,,,,,,,,,,,,,,,,,,,,,,,,,,,,,,,,,,,5,,,,,,,,,,,,2,,,,,,,3,,1,,,,,,,,,,,,,,,,,,,,,,,,,,,,,,,,,,,,,,,,,2,,,,,,,,,
RG,JUL,B,2002,,,,,,,,,,,,,,,,,1,,,,,,,,,1,,174,,,,,,,,,,,,,,,,,,,,,,,,,,,,,,,,,,5,,,,,,,,,,,,,,,,,,,,,,,,,,,,,,,,4,,,0,,,,,,38,,,,,,,,,,,,,,,,,,,,,,,,,,,,,,,,,,,,,,,,,,,
RG,JUL,B,2003,,,,,,,,,,,25,,,,,,1,5,,,,,,,,1,,15,,,,,,,,,,,,,,,,,,,,,,,,,,,,,,,,,,,1,,,,,,,,,,,,6,,,,,,,,,,,,1,,,,,,,2,,,,,,,,,,1,,,,,,,,,,,,,,,,,,,,,,,,,,,,,,,,,,,,,1,,,,,
RG,JUL,B,2002,,,,,,,,,,,,,,,,,,,,,,,,,,1,,142,,,,,,,,,,,,,,,,,,,,,,,,,,,,,,,,,,3,,,,,,,,,,,,,,,,,,,,,,,,,,,,,,,,4,,,,,,,,,48,,,,,,,,,,,,,,,,,,,,,,,,,,,,,,,,,,,,,,,,,,,
RG,JUL,B,2003,,,,,,,,,,,86,,,,,,1,17,,,,,,,,2,,54,,,,,,,,,,,,,,,,,,,,,,,,,,,,,,,,,,,,,,,,,,3,,,,,4,,,,,,,,,,,,2,,,,,,,3,,,,,,,,,,,,,,,,,,,,,,,,,,,,,,,,,,,,,,,,,,,,,,,,,,,,
RG,JUL,C,2003,,,,,,,,,,,,,,,,,,,,,,,,,,,,1,,,,,,,,,,,,,,,,,,,,,,,,,,,,,,,,,,,,,,,,,,1,,,,,123,,,,,,,,,,,,1,,,,,,,2,,,,,,,,,,,,,,,,,,,,,,,,,,,,,,,,,,,,,,,,,,,2,,,,,,,,,
RG,JUL,C,2003,,,,,,,,,,,,,,,,,,,,,,,,,,,,4,,,,,,,,,,,,,,,,,,,,,,,,,,,,,,,,,,,1,,,,,,,1,,,,,145,,,,,,,,,,,,3,,,,,,,4,,,,,,,,,,,,,,,,,,,,,,,,,,,,,,,,,,,,,,,,,,,3,,,,2,,,,,
RG,JUL,C,2003,,,,,,,,,,,,,,,,,,,,,,,,,,,,2,,,,,,,,,,,,,,,,,,,,,,,,,,,,,,,,,,,,,,,,,,1,,,,,112,,,,,,,,,,,,,,,,,,,4,,,,,,,,,,,,,,,,,,,,,,,,,,,,,,,,,,,,,,,,,,,1,,,,,,,,,
RG,JUL,D,2002,,,,,,,,,,,,,,,,,,,,,,,,,,1,,80,,,,,,,,,,,,,,,,,,,,,,,,,,,,,,,,,,,1,,,,,,,,,,,,,,,,,,,,,,,,,,,,,,,1,,,,,,,,,,,,,,,,,,,,,,,,,,,,,,,,,,,,,,,,,,,,,,,,,,,,
RG,JUL,D,2003,,,,,,,,,,,,,,,,,,,,,,,,,,,,5,,,,,,,,,,,,,,,,,,,,,,,,,,,,,,,,,,,2,,,,,,,5,,,,,45,,,,,,,,,,,,2,,,,,,,5,,5,,,,,,,,,,,,,,,,,,,,,,,,,,,,,,,,,,,,,,,,,1,,,,,,,,,
RG,JUL,D,2002,,,,,,,,,,,,,,,,,,,,,,,,,,,,95,,,,,,,,,,,,,,,,,,,,,,,,,,,,,,,,,,,,,,,,,,,,,,,1,,,,,,,,,,,,,,,,,,,1,1,,,,,,,,,,,,,,,,,,,,,,,,,,,,,,,,,,,,,,,,,,,,,,,,,,,
RG,JUL,D,2003,,,,,,,,,,,,,,,,,,,,,,,,,,,,3,,,,,,,,,,,,,,,,,,,,,,,,,,,,,,,,,,,1,,,,,,,2,,,,,74,,,,,,,,,,,,,,,,,,,2,,7,,,,,,,,,,,,,,,,,,,,,,,,,,,,,,,,,,,,,,,,,,,,,,,,,,
RG,JUL,D,2002,,,,,,,,,,,,,,,,,,,,,,,,,,,,76,,,,,,,,,,,,,,,,,,,,,,,,,,,,,,,,,,,,,,,,,,,,,,,,,,,,,,,,,,,,,,,,,,1,,,,,,,,,1,,,,,,,,,,,,,,,,,,,,,,,,,,,,,,,,,,,,,,,,,,,
RG,JUL,D,2003,,,,,,,,,,,,,,,,,,,,,,,,,,,,15,,,,,,,,,,,,,,,,,,,,,,,,,,,,,,,,,,,,,,,,,,1,,,,,34,,,,,,,,,,,,4,,,,,,,1,,3,,,,,,,,,,,,,,,,,,,,,,,,,,,,,,,,,,,,,,,,,2,,,,,,,,,
RG,JUL,E,2003,,,,,,,,,,,,,,,,,,,,,,,,,,,,3,,,,,,,,,,,,,,,,,,,,,,,,,,,,,,,,,,,,,,,,,,,,,,,21,,,,,,,,,,,,,,,,,,,4,,5,,,,,,,,,,,,,,,,,,,,,,,,,,,,,,,,,,,,,,,,,3,,,,,,,,,
RG,OCT,A,2002,,,,,,,,,,,,,,,,,,,,,,,,,,,,6,,,,,,,,,,,,,,,,,,,,,,,,1,,,,,,,,,,3,,,,,,,,,,,,,,,,,,,,,,,,,,,,,,,,,,,,,,,,,,,,,,,,,,,,,,,,,,,19,,,,,,,,,,,,,,,,,,,,,,,,,
RG,OCT,A,2002,,,,,,,,,,,,,,,,,,,,,,,,,,1,,9,,,,,,,,,,,,,,,,,,,,,,,,,,,,,,,,,,,,,,,,,,,,,,,,,,,,,,,,,,,1,,,,,,,2,,,,,,,,,6,,,,,,,,,,,,,,,,,,20,,,,,,,,,,,,,,,,,,,,,,,,,
RG,OCT,A,2002,,,,,,,,,,,,,,,,,,,,,,,,,,1,,11,,,,,,,,,,,,,,,,,,,,,,,,,,,,,,,,,,,,,,,,,,,,,,,,,,,,,,,,,,,,1,,,,,,1,,,,,,,,,1,,,,,,,,,,,,,,,,,,19,,,,,,,,,,,,,,,,,,,,,,,,,
RG,OCT,B,2002,,,,,,,,,,,,,,,,,,,,,,,,,,,,7,,,,,,,,,,,,,,,,,,,,,,,,,,,,,,,,,,,,,,,,,,,,,,,,,,,,,,,,,,,,,,,,,,,,,,,,,,,,,,,,,,,,,,,,,,,,,4,,,,,,,,,,,,,,,,,,,,,,,,,
RG,OCT,B,2002,,,,,,,,,,,,,,,,,,,,,,,,,,2,,3,,,,,,,,,,,,,,,,,,,,,,,,,,,,,,,,,,,,,,,,,,,,,,,,,,,,,,,,,,,,,,,,,,,,,,,,,,,,,,,,,,,,,,,,,,,,,2,,,,,,,,,,,,,,,,,,,,,,,,,
RG,OCT,B,2002,,,,,,,,,,,,,,,,,,,,,,,,,,,,8,,,,,,,,,,,,,,,,,,,,,,,,,,,,,,,,,,,,,,,,,,,,,,,,,,,,,,,,,,,,,,,,,,,,,,,,,,,,,,,,,,,,,,,,,,,,,4,,,,,,,,,,,,,,,,,,,,,,,,,
RG,OCT,C,2002,,,,,,,,,,,,,,,,,,,,,,,,,,,,,,,,,,,,,,,,,,,,,,,,,,,,,,,,,,,,,,,,,,,,,,,,,,,1,,,,,,,,,,,,,,,,,,,,,,0,,,,,,,,,,,,,,,,,,,,,,,,,,,,,,,,,,,,,,,,,,,,,,,,,
RG,OCT,C,2002,,,,,,,,,,,,,,,,,,,,,,,,,,,,,,,,,,,,,,,,,,,,,,,,,,,,,,,,,,,,,,,,,,,,,,,,,,,,,,,,,,,,,,,,,,,,,,,,,0,,,,,,,,,,,,,,,,,,,,,,,,,,,,,,,,,,,,,,,,,,,,,,,,,
RG,OCT,C,2002,,,,,,,,,,,,,,,,,,,,,,,,,,,,,,,,,,,,,,,,,,,,,,,,,,,,,,,,,,,,,,,,,,,,,,,,,,,,,,,,,,,,,,,,,,,,,,,,,0,,,,,,,,,,,,,,,,,,,,,,,,,,,,,,,,,,,,,,,,,,,,,,,,,
RG,OCT,D,2002,,,,,,,,,,,,,,,,,,,,,,,,,,2,,11,,,,,,,,,,,,,,,,,,,,,,,,,,,,,,,,,,,4,,,,,,,,,,,,,,,,,,,,,,,,,,,,,,,,,,,,,,,,,,,,,,,,,,,,,,,,,,,,,,,,,,,,,,,,,,,,,,,,,,,
RG,OCT,D,2002,,,,,,,,,,,,,,,,,,,,,,,,,,5,,7,,,,,,,,,,,,,,,,,,,,,,,,,,,,,,,,,,,4,,,,,,,,,,,,,,,,,,,,,,,,,,,,,,,,,,,,,,,,,,,,,,,,,,,,,,,,,,,,,,,,,,,,,,,,,,,,,,,,,,,
RG,OCT,D,2002,,,,,,,,,,,,,,,,,,,,,,,,,,2,,4,,,,,,,,,,,,,,,,,,,,,,,,,,,,,,,,,,,8,,,,,,,,,,,,,,,,,,,,,,,,,,,,,,,1,,,,,,,,,,,,,,,,,,,,,,,,,5,,,,,,,,,,,,,,,,,,,,,,,,,,,
RG,OCT,E,2002,,,,,,,,,,,,,,,,,,,,,,,,,,,,,,,,,,,,,,,,,,,,,,,,,,,,,,,,,,,,,,,,,,,,,,,,,,,1,,,,,,,,,,,,,,,,,,,2,,,,,,,,,,,,,,,,,,,,,,,,,,,,,,,,,,,,,,,,,,,1,,,,,,,,,
RG,OCT,E,2002,,,,,,,,,,,,,,,,,,,,,,,,,,,,,,,,,,,,,,,,,,,,,,,,,,,,,,,,,,,,,,,,,,,,,,,,,,,,,,,,,,,,,,,,,,,,,,1,,,0,,,,,,,,,,,,,,,,,,,,,,,,,,,,,,,,,,,,,,,,1,,,,,,,,,
RG,OCT,E,2002,,,,,,,,,,,,,,,,,,,,,,,,,,,,,,,,,,,,,,,,,,,,,,,,,,,,,,,,,,,,,,,,,,,,,,,,,,,,,,,,,,,,,,,,,,,,,,,,,0,,,,,,,,,,,,,,,,,,,,,,,,,,,,,,,,,,,,,,,,2,,,,,,,,,
RG,NOV,A,2003,,,,,,,,,,,,,,,,,,,,,,,,,,,,,,,,,,,,,,,,,,,,,,,,,,,,,,,,,,,,,,,,,,,,,,,,,,,,,,,,,,,,,,,,,,,,,,,,,0,,,,,,,,,,,,,,,,,,,,,,,,,,,,,,,,,,,,,,,,1,,,,,,,,,
RG,NOV,A,2003,,,,,,,,,,,,,,,,,,,,,,,,,,,,,,,,,,,,,,,,,,,,,,,,,,,,,,,,,,,,,,,,,,,,,,,,,,,1,,,,,,,,,,,,,,,,,,,,,,0,,,,,,,,,,,,,,,,,,,,,,,,,,,,,,,,,,,,,,,,,,,,,,,,,
RG,NOV,A,2003,,,,,,,,,,,,,,,,,,,,,,,,,,,,,,,,,,,,,,,,,,,,,,,,,,,,,,,,,,,,,,,,,,,,,,,,,,,,,,,,,,,,,,,,,,,,,,,,,0,,,,,,,,,,,,,,,,,,,,,,,,,,,,,,,,,,,,,,,,,,,,,,,,,
RG,NOV,B,2003,,,,,,,,,,,,,,,,,,,,,,,,,,,,,,,,,,,,,,,,,,,,,,,,,,,,,,,,,,,,,,,,,,,,,,,,,,,,,,,,,,,,,,,,,,,,,,,,,0,,,,,,,,,,,,,,,,,,,,,,,,,,,,,,,,,,,,,,,,,,,,,,,,,
RG,NOV,B,2003,,,,,,,,,,,,,,,,,,,,,,,,,,,,1,,,,,,,,,,,,,,,,,,,,,,,,,,,,,,,,,,,,,,,,,,,,,,,,,,,,,,,,,,,,,,,,,,,,,0,,,,,,,,,,,,,,,,,,,,,,,,,,,,,,,,,,,,,,,,,,,,,,,,,
RG,NOV,B,2003,,,,,,,,,,,,,,,,,,,,,,,,,,,,,,,,,,,,,,,,,,,,,,,,,,,,,,,,,,,,,,,,,,,,,,,,,,,,,,,,,,,,,,,,,,,,,,,,,0,,,,,,,,,,,,,,,,,,,,,,,,,,,,,,,,,,,,,,,,,,,,,,,,,
RG,NOV,C,2003,,,,,,,,,,,,,,,,,,,,,,,,,,,,,,,,,,,,,,,,,,,,,,,,,,,,,,,,,,,,,,,,,,,,,,,,,,,1,,,,,,,,,,,,,,,,,,,2,,,0,,,,,,,,,,,,,,,,,,,,,,,,,,,,,,,,,,,,,,,,,,,,,,,,,
RG,NOV,C,2003,,,,,,,,,,,,,,,,,,,,,,,,,,,,1,,,,,,,,,,,,,,,,,,,,,,,,,,,,,,,,,,,,,,,,,,1,,,,,4,,,,,,,,,,,,,,,,,,,1,,1,,,,,,,,,,,,,,,,,,,,,,,,,,,,,,,,,,,,,,,,,,,,,,,,,,
RG,NOV,C,2003,,,,,,,,,,,,,,,,,,,,,,,,,,,,1,,,,,,,,,,,,,,,,,,,,,,,,,,,,,,,,,,,,,,,,,,,,,,,7,,,,,,,,,,,,,,,,,,,,,,,,,,,,,,,,,,,,,,,,,,,,,,,,,,,,,,,,,,,,,,,,,,,,,,,
RG,NOV,D,2003,,,,,,,,,,,,,,,,,,,,,,,,,,,,,,,,,,,,,,,,,,,,,,,,,,,,,,,,,,,,,,,,,,,,,,,,,,,,,,,,,,,,,,,,,,,,,,1,,,,,,,,,,,,,,,,,,,,,,,,,,,,,,,,,,,,,,,,,,,,,,,1,,,,,
RG,NOV,D,2003,,,,,,,,,,,,,,,,,,,,,,,,,,,,3,,,,,,,,,,,,,,,,,,,,,,,,,,,,,,,,,,,,,,,,,,,,,,,1,,,,,,,,,,,,1,,,,,,,3,,1,0,,,,,,,,,,,,,,,,,,,,,,,,,,,,,,,,,,,,,,,,,,,,,,,,,
RG,NOV,D,2003,,,,,,,,,,,,,,,,,,,,,,,,,,,,,,,,,,,,,,,,,,,,,,,,,,,,,,,,,,,,,,,,,,,,,,,,,,,,,,,,,,,,,,,,,,,,,,2,,1,0,,,,,,,,,,,,,,,,,,,,,,,,,,,,,,,,,,,,,,,,,,,,,,,,,
RG,NOV,E,2003,,,,,,,,,,,,,,,,,,,,,,,,,,,,5,,,,,,,,,,,,,,,,,,,,,,,,,,,,,,,,,,,,,,,,,,,,,,,,,,,,,,,,,,,,,,,,,,,,7,0,,,,,,,,,,,,,,,,,,,,,,,,,,,,,,,,,,,,,,,,,,,,,,,,,
RG,NOV,E,2003,,,,,,,,,,,,,,,,,,,,,,,,,,,,,,,,,,,,,,,,,,,,,,,,,,,,,,,,,,,,,,,,,,,,,,,,,,,,,,,,,,,,,,,,,,,,,,,,2,0,,,,,,,,,,,,,,,,,,,,,,,,,,,,,,,,,,,,,,,,,,,,,,,,,
RG,NOV,E,2003,,,,,,,,,,,,,,,,,,,,,,,,,,,,,,,,,,,,,,,,,,,,,,,,,,,,,,,,,,,,,,,,,,,,,,,,,,,,,,,,,,,,,,,,,,,,,,,,,0,,,,,,,,,,,,,,,,,,,,,,,,,,,,,,,,,,,,,,,,,,,,,,,,,